tanggal,channel,campaign,tayangan,klik,biaya,konversi,pendapatan,engagement
2026-06-20,Instagram,IG-Prospecting-Video,319410,5377,18.428.206,122.02,24534532,20637
2026-06-20,Instagram,IG-Retargeting-Carousel,147653,2218,7.108.417,50.18,7977261,4421
2026-06-20,Instagram,IG-Brand-Awareness,396016,6507,22.755.490,181.72,28651786,23876
2026-06-20,TikTok,TT-Spark-Ads-KOL,444486,9198,15.744.050,223.07,25984002,11039
2026-06-20,TikTok,TT-Non-Branded-UGC,564479,15212,27.678.850,332.77,52297286,21973
2026-06-20,TikTok,TT-Live-Shopping,448149,11265,20.748.432,261.98,37921488,9990
2026-06-20,Google Ads,GAD-Search-Brand,107487,2772,15.861.413,102.23,25952357,5566
2026-06-20,Google Ads,GAD-Search-NonBrand,141196,3868,28.438.890,145.71,42050979,7124
2026-06-20,Google Ads,GAD-PMax-Catalog,111625,2994,22.322.467,120.57,34704904,5341
2026-06-20,YouTube,YT-Instream-Skippable,159002,1677,3.460.425,20.57,4148608,5309
2026-06-20,YouTube,YT-Shorts-Bumper,82914,906,2.276.467,11.71,2431104,5450
2026-06-20,Email,EM-Newsletter-Mingguan,56573,2339,2.606.565,126.28,31960993,3671
2026-06-20,Email,EM-Abandoned-Cart,51044,2815,2.963.755,147.92,30761670,1301
2026-06-20,Email,EM-Winback-90d,84043,3746,4.335.093,149.94,43134923,3904
2026-06-20,Marketplace,MP-Flash-Sale,415534,7021,8.884.552,515.13,82874532,13854
2026-06-20,Marketplace,MP-Sponsored-Product,232380,4753,6.479.632,304.03,54502270,7708
2026-06-20,Marketplace,MP-Affiliate-KOL,202201,4947,5.577.532,389.05,64742851,10201
2026-06-21,Instagram,IG-Prospecting-Video,197928,3719,12.010.269,113.94,17921222,7167
2026-06-21,Instagram,IG-Retargeting-Carousel,143348,3054,9.207.512,95.86,15434130,9160
2026-06-21,Instagram,IG-Brand-Awareness,440973,8112,27.988.833,166.22,34380292,11650
2026-06-21,TikTok,TT-Spark-Ads-KOL,375046,8155,14.340.881,190.56,23245725,17614
2026-06-21,TikTok,TT-Non-Branded-UGC,440737,9781,18.397.491,241.1,31930792,20220
2026-06-21,TikTok,TT-Live-Shopping,174716,3922,6.487.360,79.99,9788968,4114
2026-06-21,Google Ads,GAD-Search-Brand,190246,6854,38.815.553,352.01,88045544,10168
2026-06-21,Google Ads,GAD-Search-NonBrand,98549,3587,23.125.804,160.32,48319137,5950
2026-06-21,Google Ads,GAD-PMax-Catalog,92351,2784,17.916.544,114.93,34041901,4956
2026-06-21,YouTube,YT-Instream-Skippable,159273,1454,3.868.646,19.07,3752096,4700
2026-06-21,YouTube,YT-Shorts-Bumper,103851,899,2.432.093,11.17,2357892,6550
2026-06-21,Email,EM-Newsletter-Mingguan,58340,3220,4.407.139,198.65,55983181,3642
2026-06-21,Email,EM-Abandoned-Cart,36935,1504,1.566.324,74.47,17562628,2558
2026-06-21,Email,EM-Winback-90d,50142,2265,3.090.917,113.51,32647817,2396
2026-06-21,Marketplace,MP-Flash-Sale,258949,4996,6.137.292,410.14,66100348,14863
2026-06-21,Marketplace,MP-Sponsored-Product,101403,2132,2.295.356,166.32,30581838,2434
2026-06-21,Marketplace,MP-Affiliate-KOL,141485,3179,3.380.241,178.94,32217037,4572
2026-06-22,Instagram,IG-Prospecting-Video,302084,5408,17.423.824,150.59,32795072,9127
2026-06-22,Instagram,IG-Retargeting-Carousel,299202,5304,15.955.888,154.39,27438227,17232
2026-06-22,Instagram,IG-Brand-Awareness,113579,2520,7.032.062,85.04,14546329,3778
2026-06-22,TikTok,TT-Spark-Ads-KOL,535098,14791,23.889.583,267.88,40374822,29525
2026-06-22,TikTok,TT-Non-Branded-UGC,405626,10335,20.371.968,148.11,18666891,21567
2026-06-22,TikTok,TT-Live-Shopping,410544,8337,15.246.897,128.13,15988774,20626
2026-06-22,Google Ads,GAD-Search-Brand,161854,5287,34.246.513,198.78,62161467,10084
2026-06-22,Google Ads,GAD-Search-NonBrand,64946,1833,12.886.920,57.9,16651136,2150
2026-06-22,Google Ads,GAD-PMax-Catalog,188960,5688,32.262.606,180.45,56055016,12320
2026-06-22,YouTube,YT-Instream-Skippable,106325,1043,2.224.321,12.15,2443200,6906
2026-06-22,YouTube,YT-Shorts-Bumper,140041,1543,3.424.232,18.69,3478042,8263
2026-06-22,Email,EM-Newsletter-Mingguan,73927,3565,4.829.409,151.81,41993860,5087
2026-06-22,Email,EM-Abandoned-Cart,81493,3036,3.459.902,178.86,50471880,4899
2026-06-22,Email,EM-Winback-90d,83589,3486,3.691.813,210.36,58323652,5260
2026-06-22,Marketplace,MP-Flash-Sale,129722,2681,3.502.141,157.48,22692992,2748
2026-06-22,Marketplace,MP-Sponsored-Product,102785,2473,2.771.037,202.88,33789246,4110
2026-06-22,Marketplace,MP-Affiliate-KOL,298727,7375,10.099.535,383.97,54307164,20351
2026-06-23,Instagram,IG-Prospecting-Video,155329,2798,8.454.239,83.72,16451575,7079
2026-06-23,Instagram,IG-Retargeting-Carousel,227141,3790,10.314.490,112.31,24392464,10658
2026-06-23,Instagram,IG-Brand-Awareness,362375,7161,19.960.349,176.95,35435686,13230
2026-06-23,TikTok,TT-Spark-Ads-KOL,261193,6820,11.573.067,118.58,15542389,10479
2026-06-23,TikTok,TT-Non-Branded-UGC,194713,4524,8.577.167,108.93,16765904,9887
2026-06-23,TikTok,TT-Live-Shopping,230900,4434,7.813.646,76.48,10630618,12177
2026-06-23,Google Ads,GAD-Search-Brand,132687,3642,26.523.910,154.54,46744032,3780
2026-06-23,Google Ads,GAD-Search-NonBrand,66038,2156,15.352.883,84.61,25235057,3542
2026-06-23,Google Ads,GAD-PMax-Catalog,81464,2045,13.193.290,75.98,23365304,1926
2026-06-23,YouTube,YT-Instream-Skippable,83575,697,1.669.788,11.05,2171468,4413
2026-06-23,YouTube,YT-Shorts-Bumper,35255,371,870.638,4.2,804209,2394
2026-06-23,Email,EM-Newsletter-Mingguan,43867,1815,2.150.064,112.64,30561371,2342
2026-06-23,Email,EM-Abandoned-Cart,86318,4685,5.812.525,296.37,78366948,3905
2026-06-23,Email,EM-Winback-90d,74295,3961,4.716.564,234.11,52854811,2404
2026-06-23,Marketplace,MP-Flash-Sale,236702,5013,5.608.914,351.22,47750177,8116
2026-06-23,Marketplace,MP-Sponsored-Product,120807,2578,2.843.858,136.28,23086236,6683
2026-06-23,Marketplace,MP-Affiliate-KOL,77298,1651,1.806.866,103.41,15980613,5043
2026-06-24,Instagram,IG-Prospecting-Video,309977,6553,20.216.678,199.52,31450955,11651
2026-06-24,Instagram,IG-Retargeting-Carousel,390981,8545,29.374.566,217.83,41956736,19613
2026-06-24,Instagram,IG-Brand-Awareness,149880,2702,8.220.144,53.8,10826416,6028
2026-06-24,TikTok,TT-Spark-Ads-KOL,173573,3545,5.475.896,73.57,9594274,8370
2026-06-24,TikTok,TT-Non-Branded-UGC,126474,2593,4.037.796,49.46,6415944,3868
2026-06-24,TikTok,TT-Live-Shopping,263172,6011,11.896.713,132.89,16458922,6341
2026-06-24,Google Ads,GAD-Search-Brand,54636,2032,13.805.611,80.45,24222002,2873
2026-06-24,Google Ads,GAD-Search-NonBrand,220049,6001,34.939.791,191.86,45977876,11767
2026-06-24,Google Ads,GAD-PMax-Catalog,138638,4641,27.158.112,228.39,65036998,7957
2026-06-24,YouTube,YT-Instream-Skippable,50270,566,1.165.806,6.42,1292766,2708
2026-06-24,YouTube,YT-Shorts-Bumper,137978,1424,3.611.832,15.78,3544233,3463
2026-06-24,Email,EM-Newsletter-Mingguan,77994,3732,5.128.223,155.41,41921681,2914
2026-06-24,Email,EM-Abandoned-Cart,44294,2042,2.707.863,97.67,26671040,1120
2026-06-24,Email,EM-Winback-90d,85728,4462,5.250.747,259.2,68852624,5853
2026-06-24,Marketplace,MP-Flash-Sale,144384,3078,3.622.639,200.15,34307767,4825
2026-06-24,Marketplace,MP-Sponsored-Product,301278,5281,5.850.016,417.36,65508889,15220
2026-06-24,Marketplace,MP-Affiliate-KOL,129565,3103,3.401.817,168.8,29544725,4796
2026-06-25,Instagram,IG-Prospecting-Video,567613,9561,34.708.090,187.83,30577349,31788
2026-06-25,Instagram,IG-Retargeting-Carousel,381938,7605,24.267.622,218.53,45583302,9416
2026-06-25,Instagram,IG-Brand-Awareness,242574,4140,13.140.935,115.15,22066315,10012
2026-06-25,TikTok,TT-Spark-Ads-KOL,525376,13632,22.707.873,232.85,27423970,15566
2026-06-25,TikTok,TT-Non-Branded-UGC,218225,5787,9.529.787,93.66,12603341,12271
2026-06-25,TikTok,TT-Live-Shopping,692228,15171,24.802.568,232.13,28484612,20055
2026-06-25,Google Ads,GAD-Search-Brand,72590,2047,13.519.448,110.56,32417728,1910
2026-06-25,Google Ads,GAD-Search-NonBrand,284320,10128,65.227.476,453.34,122000323,8307
2026-06-25,Google Ads,GAD-PMax-Catalog,93878,2884,18.189.512,145.63,34186716,4832
2026-06-25,YouTube,YT-Instream-Skippable,44904,437,1.205.070,5.61,1051144,2614
2026-06-25,YouTube,YT-Shorts-Bumper,152931,1293,3.058.158,18.79,3964512,9636
2026-06-25,Email,EM-Newsletter-Mingguan,105153,5071,6.523.762,280.69,79603570,3196
2026-06-25,Email,EM-Abandoned-Cart,45820,1819,1.904.109,78.43,16016872,1949
2026-06-25,Email,EM-Winback-90d,71764,2947,3.751.225,171.14,41439110,3902
2026-06-25,Marketplace,MP-Flash-Sale,430708,9497,12.879.524,676.91,104794885,20342
2026-06-25,Marketplace,MP-Sponsored-Product,344298,8175,8.826.709,412.94,61296576,19779
2026-06-25,Marketplace,MP-Affiliate-KOL,253691,4527,5.757.914,327.04,59811917,11422
2026-06-26,Instagram,IG-Prospecting-Video,300502,4536,13.741.693,116.48,20204286,7382
2026-06-26,Instagram,IG-Retargeting-Carousel,639087,12179,44.812.752,403.07,80928576,21394
2026-06-26,Instagram,IG-Brand-Awareness,157851,2886,10.387.192,83.16,14053915,7777
2026-06-26,TikTok,TT-Spark-Ads-KOL,503883,10116,17.298.099,180.94,25902746,31688
2026-06-26,TikTok,TT-Non-Branded-UGC,358942,7885,15.527.799,190.24,26179700,15342
2026-06-26,TikTok,TT-Live-Shopping,306227,8732,15.785.866,161.31,25462333,16194
2026-06-26,Google Ads,GAD-Search-Brand,198226,5377,37.640.005,214.32,61393506,11497
2026-06-26,Google Ads,GAD-Search-NonBrand,121649,4416,30.412.789,183.81,43964473,8352
2026-06-26,Google Ads,GAD-PMax-Catalog,200485,5366,35.424.192,237.3,56131101,13956
2026-06-26,YouTube,YT-Instream-Skippable,184506,1485,3.561.321,25.1,5802607,8385
2026-06-26,YouTube,YT-Shorts-Bumper,96571,1094,2.665.158,13.54,2797797,6383
2026-06-26,Email,EM-Newsletter-Mingguan,79562,4193,5.469.068,192.86,46066199,5308
2026-06-26,Email,EM-Abandoned-Cart,78031,3278,4.035.724,152.82,43997297,3471
2026-06-26,Email,EM-Winback-90d,38290,1652,2.008.511,88.78,21506026,1382
2026-06-26,Marketplace,MP-Flash-Sale,162623,3513,4.564.274,197.51,26490205,9308
2026-06-26,Marketplace,MP-Sponsored-Product,357897,7173,9.436.329,511.9,94681439,16022
2026-06-26,Marketplace,MP-Affiliate-KOL,102014,2220,2.962.467,174.49,27156618,4723
2026-06-27,Instagram,IG-Prospecting-Video,468616,8357,23.970.080,241.22,45264381,32082
2026-06-27,Instagram,IG-Retargeting-Carousel,388704,7622,26.968.594,241.47,51406586,15160
2026-06-27,Instagram,IG-Brand-Awareness,378060,7720,21.263.995,246.84,39909515,19492
2026-06-27,TikTok,TT-Spark-Ads-KOL,1017282,26825,42.467.716,503.9,71291537,64729
2026-06-27,TikTok,TT-Non-Branded-UGC,553987,15441,30.263.476,227.46,28603687,21463
2026-06-27,TikTok,TT-Live-Shopping,305740,7531,12.214.122,169.69,19658645,19427
2026-06-27,Google Ads,GAD-Search-Brand,260974,9426,60.555.812,328.09,82554118,8551
2026-06-27,Google Ads,GAD-Search-NonBrand,100970,3632,21.187.863,171.28,46113615,3764
2026-06-27,Google Ads,GAD-PMax-Catalog,291342,8758,62.825.175,326.48,80472862,11431
2026-06-27,YouTube,YT-Instream-Skippable,138523,1354,3.729.442,20.21,4045493,9544
2026-06-27,YouTube,YT-Shorts-Bumper,173124,1688,4.348.684,26.64,4850998,8712
2026-06-27,Email,EM-Newsletter-Mingguan,101228,4258,5.274.058,258.3,60337236,5247
2026-06-27,Email,EM-Abandoned-Cart,109199,5467,7.226.352,310.2,79651082,7117
2026-06-27,Email,EM-Winback-90d,98293,4414,5.666.629,240.62,50908172,3416
2026-06-27,Marketplace,MP-Flash-Sale,382963,6859,9.394.911,459.46,73765646,25151
2026-06-27,Marketplace,MP-Sponsored-Product,427844,10152,13.302.033,659.46,113592527,15803
2026-06-27,Marketplace,MP-Affiliate-KOL,192330,3459,4.598.667,283.67,48519126,13270
2026-06-28,Instagram,IG-Prospecting-Video,609698,10674,29.175.434,328.83,63132302,26058
2026-06-28,Instagram,IG-Retargeting-Carousel,444976,8511,30.830.827,266.04,43701682,14102
2026-06-28,Instagram,IG-Brand-Awareness,150186,2847,8.347.928,92.77,14967511,9190
2026-06-28,TikTok,TT-Spark-Ads-KOL,596076,13781,28.126.907,216.51,27336890,26604
2026-06-28,TikTok,TT-Non-Branded-UGC,228830,4692,8.876.736,89.1,13055444,15400
2026-06-28,TikTok,TT-Live-Shopping,408372,8447,13.374.843,156.98,21162588,16501
2026-06-28,Google Ads,GAD-Search-Brand,244249,7180,52.975.300,299.69,92317521,6098
2026-06-28,Google Ads,GAD-Search-NonBrand,233563,8624,54.345.311,343.12,84272486,6098
2026-06-28,Google Ads,GAD-PMax-Catalog,264442,8731,58.408.432,404.47,92948552,15692
2026-06-28,YouTube,YT-Instream-Skippable,67114,654,1.694.603,7.21,1397371,2067
2026-06-28,YouTube,YT-Shorts-Bumper,161025,1314,2.683.404,22.91,5534836,4385
2026-06-28,Email,EM-Newsletter-Mingguan,31216,1249,1.285.563,70.93,14558991,1857
2026-06-28,Email,EM-Abandoned-Cart,40728,1629,2.097.023,64.72,16062451,2333
2026-06-28,Email,EM-Winback-90d,70165,3245,3.898.092,134.03,37987259,1555
2026-06-28,Marketplace,MP-Flash-Sale,379740,8043,10.995.128,515.74,69650532,16689
2026-06-28,Marketplace,MP-Sponsored-Product,228558,4781,5.003.136,382.58,52082357,11523
2026-06-28,Marketplace,MP-Affiliate-KOL,98790,2185,2.484.510,147.06,27309622,4596
2026-06-29,Instagram,IG-Prospecting-Video,262588,4079,14.434.362,120.48,24022489,15348
2026-06-29,Instagram,IG-Retargeting-Carousel,310515,5633,17.155.253,128.25,23934002,12669
2026-06-29,Instagram,IG-Brand-Awareness,124715,2460,7.050.545,61.13,13265455,2913
2026-06-29,TikTok,TT-Spark-Ads-KOL,405466,8161,16.063.391,179.3,24725776,19999
2026-06-29,TikTok,TT-Non-Branded-UGC,336819,6862,12.964.567,123.14,18085040,21356
2026-06-29,TikTok,TT-Live-Shopping,499484,12469,22.969.013,223.5,27273957,26391
2026-06-29,Google Ads,GAD-Search-Brand,80313,2834,19.869.741,113.32,31916445,4848
2026-06-29,Google Ads,GAD-Search-NonBrand,246248,8606,58.333.687,393.07,90508446,16364
2026-06-29,Google Ads,GAD-PMax-Catalog,190005,5137,31.478.231,245.21,63675062,3858
2026-06-29,YouTube,YT-Instream-Skippable,137572,1255,3.132.494,14.55,2629824,7884
2026-06-29,YouTube,YT-Shorts-Bumper,55715,496,1.268.521,6.62,1558715,2695
2026-06-29,Email,EM-Newsletter-Mingguan,19984,793,1.001.630,44.09,10002403,1061
2026-06-29,Email,EM-Abandoned-Cart,49452,2068,2.194.520,122.92,29513968,1689
2026-06-29,Email,EM-Winback-90d,63043,3094,3.595.940,122.28,31101177,1285
2026-06-29,Marketplace,MP-Flash-Sale,128820,2313,2.632.121,131.81,17421211,7388
2026-06-29,Marketplace,MP-Sponsored-Product,107442,2440,3.220.951,160.09,28094159,2536
2026-06-29,Marketplace,MP-Affiliate-KOL,237268,4023,5.352.643,323.59,52739661,11548
2026-06-30,Instagram,IG-Prospecting-Video,333920,5227,15.845.924,103.48,21640885,16999
2026-06-30,Instagram,IG-Retargeting-Carousel,445532,6884,20.333.730,217.38,42472263,20583
2026-06-30,Instagram,IG-Brand-Awareness,218206,3778,10.885.007,91.66,17442706,5608
2026-06-30,TikTok,TT-Spark-Ads-KOL,391210,8823,17.401.696,192.8,28891990,12446
2026-06-30,TikTok,TT-Non-Branded-UGC,162881,4069,7.666.368,90.31,10872374,9552
2026-06-30,TikTok,TT-Live-Shopping,365058,9672,19.625.221,183.2,25332927,18897
2026-06-30,Google Ads,GAD-Search-Brand,191707,6245,35.337.160,218.51,58839283,6737
2026-06-30,Google Ads,GAD-Search-NonBrand,86879,2701,17.304.154,104.45,24352103,5350
2026-06-30,Google Ads,GAD-PMax-Catalog,74666,2644,17.219.767,120.83,32769310,3563
2026-06-30,YouTube,YT-Instream-Skippable,143313,1334,3.347.684,22.33,4512989,6274
2026-06-30,YouTube,YT-Shorts-Bumper,42039,336,768.603,5.85,1352475,1901
2026-06-30,Email,EM-Newsletter-Mingguan,26988,1211,1.462.584,61.22,13306309,1043
2026-06-30,Email,EM-Abandoned-Cart,35823,1541,2.010.059,84.8,21911144,835
2026-06-30,Email,EM-Winback-90d,26053,1095,1.375.668,64.11,17959523,1659
2026-06-30,Marketplace,MP-Flash-Sale,157691,2837,3.881.450,171.08,29022903,6244
2026-06-30,Marketplace,MP-Sponsored-Product,253814,4924,6.425.974,301.65,53049316,13581
2026-06-30,Marketplace,MP-Affiliate-KOL,302270,6818,8.540.577,453.62,70184746,11514
2026-07-01,Instagram,IG-Prospecting-Video,267493,4383,13.967.467,144.86,24904415,7190
2026-07-01,Instagram,IG-Retargeting-Carousel,187122,2909,10.246.254,88.81,19046216,4096
2026-07-01,Instagram,IG-Brand-Awareness,317799,5012,14.412.190,124.72,26326807,18609
2026-07-01,TikTok,TT-Spark-Ads-KOL,568042,13293,25.193.629,246.5,30362476,23977
2026-07-01,TikTok,TT-Non-Branded-UGC,362698,8527,14.471.157,169.09,25289212,15760
2026-07-01,TikTok,TT-Live-Shopping,629898,17821,31.709.661,437.29,54756464,24625
2026-07-01,Google Ads,GAD-Search-Brand,239256,8357,48.428.192,417.93,105004896,12455
2026-07-01,Google Ads,GAD-Search-NonBrand,299385,7806,56.081.495,398.4,101408015,17411
2026-07-01,Google Ads,GAD-PMax-Catalog,160045,4262,31.409.637,177.3,44082495,6811
2026-07-01,YouTube,YT-Instream-Skippable,82288,642,1.418.765,9.22,2320552,3188
2026-07-01,YouTube,YT-Shorts-Bumper,55402,598,1.559.930,9.27,1747974,1903
2026-07-01,Email,EM-Newsletter-Mingguan,106328,4184,4.943.872,242.86,49651524,2548
2026-07-01,Email,EM-Abandoned-Cart,53366,2503,3.028.350,146.79,31315068,1836
2026-07-01,Email,EM-Winback-90d,43281,1927,2.282.736,116.62,24877373,2824
2026-07-01,Marketplace,MP-Flash-Sale,247137,5222,5.596.132,295.12,45753679,12540
2026-07-01,Marketplace,MP-Sponsored-Product,171344,3835,5.257.031,195.63,26492106,7934
2026-07-01,Marketplace,MP-Affiliate-KOL,315651,6772,8.053.890,418.15,69510499,21796
2026-07-02,Instagram,IG-Prospecting-Video,208075,4294,14.699.819,104.9,20762150,12188
2026-07-02,Instagram,IG-Retargeting-Carousel,453356,6858,24.011.071,187.29,31574559,26729
2026-07-02,Instagram,IG-Brand-Awareness,377763,7357,20.456.340,228.83,47484370,16200
2026-07-02,TikTok,TT-Spark-Ads-KOL,286441,6048,12.302.098,88.84,12082513,19895
2026-07-02,TikTok,TT-Non-Branded-UGC,449959,11893,20.489.074,193.23,28650857,28478
2026-07-02,TikTok,TT-Live-Shopping,316539,7196,13.898.030,169.43,26012669,12450
2026-07-02,Google Ads,GAD-Search-Brand,319960,9909,64.780.588,523.7,158654684,18031
2026-07-02,Google Ads,GAD-Search-NonBrand,93726,3280,20.177.307,144.66,34038957,4972
2026-07-02,Google Ads,GAD-PMax-Catalog,154389,4645,28.845.432,220.31,51061996,9804
2026-07-02,YouTube,YT-Instream-Skippable,117773,1018,2.771.348,18.37,3380376,6110
2026-07-02,YouTube,YT-Shorts-Bumper,112592,1146,2.456.467,20.45,4562973,6650
2026-07-02,Email,EM-Newsletter-Mingguan,23411,1197,1.385.769,58.08,14615424,1177
2026-07-02,Email,EM-Abandoned-Cart,99695,4351,5.337.248,259.57,64496424,3978
2026-07-02,Email,EM-Winback-90d,75671,2943,3.530.157,173.28,40981793,3639
2026-07-02,Marketplace,MP-Flash-Sale,169588,3485,3.912.785,289.49,52533690,7557
2026-07-02,Marketplace,MP-Sponsored-Product,154728,3187,3.761.369,253.79,34645297,8370
2026-07-02,Marketplace,MP-Affiliate-KOL,363089,7160,8.700.134,360.02,64841896,22718
2026-07-03,Instagram,IG-Prospecting-Video,405195,7909,25.375.244,243.99,40284950,12176
2026-07-03,Instagram,IG-Retargeting-Carousel,162161,2432,7.474.883,66.68,13954950,7716
2026-07-03,Instagram,IG-Brand-Awareness,268547,4589,15.649.477,155.09,29666249,15699
2026-07-03,TikTok,TT-Spark-Ads-KOL,421886,12038,21.343.999,252.36,36243513,15705
2026-07-03,TikTok,TT-Non-Branded-UGC,575981,14597,29.948.908,235.76,31163876,37747
2026-07-03,TikTok,TT-Live-Shopping,129012,2667,4.544.408,42.59,6173792,4812
2026-07-03,Google Ads,GAD-Search-Brand,264993,9351,63.247.410,348.71,97452775,6958
2026-07-03,Google Ads,GAD-Search-NonBrand,111353,3455,25.436.386,122.31,29631011,5895
2026-07-03,Google Ads,GAD-PMax-Catalog,197086,6947,49.559.721,309.27,71274175,4390
2026-07-03,YouTube,YT-Instream-Skippable,111361,1122,2.625.151,18.41,4149747,5000
2026-07-03,YouTube,YT-Shorts-Bumper,98595,1108,2.901.604,15.75,3604495,3438
2026-07-03,Email,EM-Newsletter-Mingguan,19453,873,954.799,45.26,11539666,693
2026-07-03,Email,EM-Abandoned-Cart,71855,3782,4.036.003,248.15,58347299,3455
2026-07-03,Email,EM-Winback-90d,39095,1631,1.720.565,73.73,16838813,1533
2026-07-03,Marketplace,MP-Flash-Sale,209607,5045,5.740.520,270.52,44118464,7469
2026-07-03,Marketplace,MP-Sponsored-Product,268672,5675,6.419.234,372.05,49485980,18071
2026-07-03,Marketplace,MP-Affiliate-KOL,235895,4389,4.556.991,265.21,42062163,15125
2026-07-04,Instagram,IG-Prospecting-Video,421256,7908,24.780.020,250.0,53596354,23748
2026-07-04,Instagram,IG-Retargeting-Carousel,453124,8049,23.398.660,222.61,42979075,10728
2026-07-04,Instagram,IG-Brand-Awareness,390836,6593,22.240.674,221.83,36588920,26872
2026-07-04,TikTok,TT-Spark-Ads-KOL,435169,9772,18.934.653,235.13,28543883,19781
2026-07-04,TikTok,TT-Non-Branded-UGC,381408,7825,13.973.696,138.74,18495272,19190
2026-07-04,TikTok,TT-Live-Shopping,436357,10946,22.603.190,174.57,25549728,15256
2026-07-04,Google Ads,GAD-Search-Brand,167325,5254,32.100.876,251.53,76544120,6428
2026-07-04,Google Ads,GAD-Search-NonBrand,272712,8737,60.630.332,436.03,127467515,5818
2026-07-04,Google Ads,GAD-PMax-Catalog,214467,7401,49.225.799,365.82,108087347,10547
2026-07-04,YouTube,YT-Instream-Skippable,70517,702,1.506.773,11.92,2723629,1522
2026-07-04,YouTube,YT-Shorts-Bumper,159555,1224,2.630.620,15.81,3624409,6465
2026-07-04,Email,EM-Newsletter-Mingguan,103345,5463,5.694.537,321.71,69359358,3138
2026-07-04,Email,EM-Abandoned-Cart,54203,2519,2.726.138,118.51,33255590,2012
2026-07-04,Email,EM-Winback-90d,58976,2953,3.748.663,166.22,42426782,1746
2026-07-04,Marketplace,MP-Flash-Sale,177689,3321,3.743.014,273.12,40266293,5395
2026-07-04,Marketplace,MP-Sponsored-Product,306140,6040,7.890.498,488.44,71598390,7988
2026-07-04,Marketplace,MP-Affiliate-KOL,304436,7621,10.392.509,585.35,102670414,10510
2026-07-05,Instagram,IG-Prospecting-Video,278876,4842,14.362.719,125.05,23543826,8395
2026-07-05,Instagram,IG-Retargeting-Carousel,433305,8645,28.624.559,185.55,36228349,13919
2026-07-05,Instagram,IG-Brand-Awareness,440382,8597,26.793.629,174.09,35461248,11022
2026-07-05,TikTok,TT-Spark-Ads-KOL,513194,12565,21.984.870,301.04,46781052,32803
2026-07-05,TikTok,TT-Non-Branded-UGC,400335,11391,21.401.169,200.55,30914365,9797
2026-07-05,TikTok,TT-Live-Shopping,513174,13415,27.141.191,322.48,38790576,32901
2026-07-05,Google Ads,GAD-Search-Brand,127342,4733,30.719.648,192.48,60756981,8673
2026-07-05,Google Ads,GAD-Search-NonBrand,335786,8366,47.973.117,373.29,119455914,11493
2026-07-05,Google Ads,GAD-PMax-Catalog,316089,9775,70.228.454,519.84,141239825,9369
2026-07-05,YouTube,YT-Instream-Skippable,51574,482,1.047.684,6.01,1399240,3071
2026-07-05,YouTube,YT-Shorts-Bumper,139901,1157,3.106.322,19.77,4730160,6402
2026-07-05,Email,EM-Newsletter-Mingguan,32705,1315,1.494.181,55.47,12472492,1081
2026-07-05,Email,EM-Abandoned-Cart,47567,2585,3.310.017,120.79,24757624,2506
2026-07-05,Email,EM-Winback-90d,69745,2718,3.169.461,127.37,31360193,4516
2026-07-05,Marketplace,MP-Flash-Sale,307723,5473,6.164.041,439.22,72511622,9526
2026-07-05,Marketplace,MP-Sponsored-Product,120258,2776,3.246.708,192.41,31083818,5236
2026-07-05,Marketplace,MP-Affiliate-KOL,290223,5408,6.985.818,306.7,54936041,6992
2026-07-06,Instagram,IG-Prospecting-Video,280441,4313,11.985.977,118.89,22910997,12697
2026-07-06,Instagram,IG-Retargeting-Carousel,268314,4623,13.089.132,124.54,21239453,13190
2026-07-06,Instagram,IG-Brand-Awareness,132558,2755,8.851.470,71.59,13374927,3034
2026-07-06,TikTok,TT-Spark-Ads-KOL,386975,10117,19.939.213,186.03,27281841,18929
2026-07-06,TikTok,TT-Non-Branded-UGC,142317,2820,5.736.947,69.47,8016134,9491
2026-07-06,TikTok,TT-Live-Shopping,139593,3711,7.637.717,82.57,11728737,5726
2026-07-06,Google Ads,GAD-Search-Brand,234495,8344,52.213.248,437.62,127714228,12449
2026-07-06,Google Ads,GAD-Search-NonBrand,165787,4826,31.722.639,171.93,47694777,9349
2026-07-06,Google Ads,GAD-PMax-Catalog,78716,1974,13.501.233,75.8,21138138,3668
2026-07-06,YouTube,YT-Instream-Skippable,118830,1059,2.876.241,13.37,3099592,3047
2026-07-06,YouTube,YT-Shorts-Bumper,125303,1317,2.701.641,22.79,4413533,3138
2026-07-06,Email,EM-Newsletter-Mingguan,21265,1058,1.360.875,41.9,9964012,674
2026-07-06,Email,EM-Abandoned-Cart,37164,1406,1.580.796,73.66,20075506,2103
2026-07-06,Email,EM-Winback-90d,41076,2020,2.279.711,95.43,20615826,2177
2026-07-06,Marketplace,MP-Flash-Sale,122188,2115,2.827.542,172.16,31196191,6268
2026-07-06,Marketplace,MP-Sponsored-Product,186311,4652,5.868.939,377.45,65820502,6695
2026-07-06,Marketplace,MP-Affiliate-KOL,160507,3204,3.814.355,238.88,42479590,5624
2026-07-07,Instagram,IG-Prospecting-Video,397552,8575,31.290.243,236.17,45659640,10616
2026-07-07,Instagram,IG-Retargeting-Carousel,168240,3295,11.642.370,107.71,17582155,9460
2026-07-07,Instagram,IG-Brand-Awareness,155117,3069,10.921.605,86.31,14623133,9010
2026-07-07,TikTok,TT-Spark-Ads-KOL,489408,11649,19.917.443,271.84,42519781,10163
2026-07-07,TikTok,TT-Non-Branded-UGC,678313,13788,24.660.639,340.49,42019206,34065
2026-07-07,TikTok,TT-Live-Shopping,263683,6460,11.212.101,144.41,19763557,10010
2026-07-07,Google Ads,GAD-Search-Brand,104262,3229,24.016.132,109.05,29645314,6463
2026-07-07,Google Ads,GAD-Search-NonBrand,219847,6581,39.197.435,292.8,70707741,7263
2026-07-07,Google Ads,GAD-PMax-Catalog,241231,7232,44.606.242,253.26,66714919,14876
2026-07-07,YouTube,YT-Instream-Skippable,97385,994,2.614.595,12.4,3094529,5072
2026-07-07,YouTube,YT-Shorts-Bumper,80316,853,2.182.583,10.07,2158620,5288
2026-07-07,Email,EM-Newsletter-Mingguan,57495,2178,2.885.387,85.37,24194450,3071
2026-07-07,Email,EM-Abandoned-Cart,67424,3526,4.494.739,157.78,32308101,3053
2026-07-07,Email,EM-Winback-90d,45201,2218,2.648.126,123.19,30179615,919
2026-07-07,Marketplace,MP-Flash-Sale,182790,3884,5.328.095,223.98,29717603,11088
2026-07-07,Marketplace,MP-Sponsored-Product,282755,6911,7.288.989,357.77,50025962,8369
2026-07-07,Marketplace,MP-Affiliate-KOL,239381,4559,5.262.604,282.53,43447085,11550
2026-07-08,Instagram,IG-Prospecting-Video,418351,8309,27.815.928,262.78,55923874,24256
2026-07-08,Instagram,IG-Retargeting-Carousel,128745,2432,6.637.072,49.38,8312189,5793
2026-07-08,Instagram,IG-Brand-Awareness,286288,5436,15.283.153,172.69,33061332,6335
2026-07-08,TikTok,TT-Spark-Ads-KOL,267249,7408,11.520.952,142.38,16464064,17713
2026-07-08,TikTok,TT-Non-Branded-UGC,584325,11404,19.384.103,273.18,42785481,28838
2026-07-08,TikTok,TT-Live-Shopping,537843,12383,20.032.449,186.42,22986843,33202
2026-07-08,Google Ads,GAD-Search-Brand,147508,4265,24.727.894,208.79,66921167,8291
2026-07-08,Google Ads,GAD-Search-NonBrand,176613,4498,32.204.590,187.08,48594864,10323
2026-07-08,Google Ads,GAD-PMax-Catalog,230503,7927,48.024.638,255.14,81875954,10264
2026-07-08,YouTube,YT-Instream-Skippable,87206,806,2.027.317,12.68,2343115,4441
2026-07-08,YouTube,YT-Shorts-Bumper,138040,1092,2.787.577,12.76,2873148,7866
2026-07-08,Email,EM-Newsletter-Mingguan,33997,1254,1.441.950,58.82,13333200,905
2026-07-08,Email,EM-Abandoned-Cart,30350,1427,1.468.678,70.9,16571047,748
2026-07-08,Email,EM-Winback-90d,54816,2406,2.789.758,111.72,23584776,3566
2026-07-08,Marketplace,MP-Flash-Sale,374761,8097,9.368.183,436.96,60861172,13138
2026-07-08,Marketplace,MP-Sponsored-Product,175190,3583,4.279.096,225.09,30594287,5709
2026-07-08,Marketplace,MP-Affiliate-KOL,147301,3209,3.397.183,176.14,26118005,9934
2026-07-09,Instagram,IG-Prospecting-Video,233339,4842,14.725.668,117.23,24624908,14695
2026-07-09,Instagram,IG-Retargeting-Carousel,400634,6880,20.040.344,227.36,40377435,27335
2026-07-09,Instagram,IG-Brand-Awareness,424532,8466,27.708.912,224.54,38833242,16473
2026-07-09,TikTok,TT-Spark-Ads-KOL,517582,10503,19.429.316,211.56,29070471,27994
2026-07-09,TikTok,TT-Non-Branded-UGC,472989,11177,19.747.993,242.02,30412078,25845
2026-07-09,TikTok,TT-Live-Shopping,596980,13807,25.846.373,268.79,33163328,31600
2026-07-09,Google Ads,GAD-Search-Brand,213577,5493,35.479.409,298.72,79277719,9682
2026-07-09,Google Ads,GAD-Search-NonBrand,249738,7877,49.043.118,392.01,122226757,11699
2026-07-09,Google Ads,GAD-PMax-Catalog,151710,5209,32.385.495,243.21,70163150,3370
2026-07-09,YouTube,YT-Instream-Skippable,160351,1462,3.999.486,23.83,5006960,3292
2026-07-09,YouTube,YT-Shorts-Bumper,64004,613,1.503.458,9.17,1937471,2532
2026-07-09,Email,EM-Newsletter-Mingguan,72539,3337,3.433.671,159.95,34034481,2959
2026-07-09,Email,EM-Abandoned-Cart,71559,3872,4.384.143,163.49,39604999,2171
2026-07-09,Email,EM-Winback-90d,50393,2261,2.565.513,130.66,29949740,3049
2026-07-09,Marketplace,MP-Flash-Sale,119561,2659,2.869.933,191.04,35366298,3849
2026-07-09,Marketplace,MP-Sponsored-Product,107485,2311,2.550.358,188.91,29040627,3141
2026-07-09,Marketplace,MP-Affiliate-KOL,243989,4159,4.537.458,289.52,47446461,9623
2026-07-10,Instagram,IG-Prospecting-Video,325051,6620,18.405.061,205.66,33695180,20673
2026-07-10,Instagram,IG-Retargeting-Carousel,160265,2915,10.341.263,67.77,12972213,8327
2026-07-10,Instagram,IG-Brand-Awareness,336438,6441,22.746.651,157.64,31090143,20417
2026-07-10,TikTok,TT-Spark-Ads-KOL,454721,11413,18.287.504,172.74,20322519,16038
2026-07-10,TikTok,TT-Non-Branded-UGC,244318,5889,9.448.616,109.66,14247440,7155
2026-07-10,TikTok,TT-Live-Shopping,486858,12364,22.620.930,305.37,41169851,13152
2026-07-10,Google Ads,GAD-Search-Brand,113419,2888,16.011.270,114.93,27653536,6891
2026-07-10,Google Ads,GAD-Search-NonBrand,243565,7535,47.739.806,356.54,109310067,10823
2026-07-10,Google Ads,GAD-PMax-Catalog,58066,1988,12.049.328,76.04,21155439,1650
2026-07-10,YouTube,YT-Instream-Skippable,95420,1003,2.127.692,14.78,2761513,5606
2026-07-10,YouTube,YT-Shorts-Bumper,125435,1345,3.441.108,14.56,3183180,8716
2026-07-10,Email,EM-Newsletter-Mingguan,28261,1431,1.974.011,66.67,16119707,1058
2026-07-10,Email,EM-Abandoned-Cart,71747,3952,4.368.645,237.17,64534426,3544
2026-07-10,Email,EM-Winback-90d,45157,2188,2.340.931,93.86,20775982,1370
2026-07-10,Marketplace,MP-Flash-Sale,86838,1664,1.891.066,111.42,18935865,2993
2026-07-10,Marketplace,MP-Sponsored-Product,168475,4225,4.454.375,303.83,55898387,9988
2026-07-10,Marketplace,MP-Affiliate-KOL,387626,9335,12.432.618,489.79,71163913,21540
2026-07-11,Instagram,IG-Prospecting-Video,577059,11428,37.419.549,302.84,52890446,23493
2026-07-11,Instagram,IG-Retargeting-Carousel,363795,7754,24.927.510,161.52,28308075,24308
2026-07-11,Instagram,IG-Brand-Awareness,357207,6152,21.304.746,120.18,24599652,20199
2026-07-11,TikTok,TT-Spark-Ads-KOL,503703,11403,20.737.925,170.04,20790198,20895
2026-07-11,TikTok,TT-Non-Branded-UGC,288933,7845,14.451.422,139.48,19298295,12790
2026-07-11,TikTok,TT-Live-Shopping,427338,8403,16.414.519,128.49,17145280,11201
2026-07-11,Google Ads,GAD-Search-Brand,279538,6935,41.051.161,371.92,108746036,7434
2026-07-11,Google Ads,GAD-Search-NonBrand,204494,7437,50.579.603,281.33,70693246,7892
2026-07-11,Google Ads,GAD-PMax-Catalog,261443,7769,53.517.699,299.54,74813616,13797
2026-07-11,YouTube,YT-Instream-Skippable,123502,1162,2.560.567,13.39,3059958,2527
2026-07-11,YouTube,YT-Shorts-Bumper,166334,1889,4.032.744,25.97,4771469,6513
2026-07-11,Email,EM-Newsletter-Mingguan,74182,3158,3.376.648,198.81,53473774,4277
2026-07-11,Email,EM-Abandoned-Cart,41229,1626,1.663.081,86.37,22335384,1732
2026-07-11,Email,EM-Winback-90d,89813,3555,4.505.111,177.05,48906920,2186
2026-07-11,Marketplace,MP-Flash-Sale,145294,3160,4.319.657,194.43,28932974,3922
2026-07-11,Marketplace,MP-Sponsored-Product,166819,3578,4.432.216,247.31,43034865,9096
2026-07-11,Marketplace,MP-Affiliate-KOL,422747,8173,9.836.007,541.28,93273033,14702
2026-07-12,Instagram,IG-Prospecting-Video,180286,3942,11.148.530,104.76,19862788,8960
2026-07-12,Instagram,IG-Retargeting-Carousel,452310,9997,28.459.575,328.47,69959024,21900
2026-07-12,Instagram,IG-Brand-Awareness,327714,6700,23.178.457,222.09,35163799,7661
2026-07-12,TikTok,TT-Spark-Ads-KOL,294362,5823,10.501.507,131.0,18502131,13262
2026-07-12,TikTok,TT-Non-Branded-UGC,486860,9733,18.129.279,193.27,24162263,17281
2026-07-12,TikTok,TT-Live-Shopping,461865,12451,21.676.573,247.21,34981545,28509
2026-07-12,Google Ads,GAD-Search-Brand,204135,6831,49.017.314,330.37,77051741,4963
2026-07-12,Google Ads,GAD-Search-NonBrand,176370,5705,39.774.706,220.49,65544828,4581
2026-07-12,Google Ads,GAD-PMax-Catalog,266776,7158,46.848.070,383.06,115393906,14950
2026-07-12,YouTube,YT-Instream-Skippable,58802,621,1.664.346,7.81,1837184,1262
2026-07-12,YouTube,YT-Shorts-Bumper,153123,1201,2.948.439,19.2,3535274,6548
2026-07-12,Email,EM-Newsletter-Mingguan,54644,2581,2.869.536,125.34,26652199,2661
2026-07-12,Email,EM-Abandoned-Cart,77564,3581,4.764.484,141.38,31745626,3381
2026-07-12,Email,EM-Winback-90d,49493,2669,3.253.959,166.3,46693408,2823
2026-07-12,Marketplace,MP-Flash-Sale,233238,4734,5.290.896,347.25,47217953,9012
2026-07-12,Marketplace,MP-Sponsored-Product,319367,5846,8.029.047,446.16,81874655,7488
2026-07-12,Marketplace,MP-Affiliate-KOL,244870,5852,7.133.748,348.29,46038100,7354
2026-07-13,Instagram,IG-Prospecting-Video,294413,5714,18.787.774,149.33,28252621,17262
2026-07-13,Instagram,IG-Retargeting-Carousel,202833,4143,11.295.382,95.32,17519787,6420
2026-07-13,Instagram,IG-Brand-Awareness,263119,5602,15.245.683,185.43,37050072,16432
2026-07-13,TikTok,TT-Spark-Ads-KOL,447975,10880,19.536.500,182.11,20936953,31290
2026-07-13,TikTok,TT-Non-Branded-UGC,438981,12311,22.290.948,290.86,42053007,16955
2026-07-13,TikTok,TT-Live-Shopping,554315,11151,21.999.376,174.47,20178364,26824
2026-07-13,Google Ads,GAD-Search-Brand,164332,4558,27.982.231,171.05,51814893,9044
2026-07-13,Google Ads,GAD-Search-NonBrand,187425,5280,31.260.166,175.44,52798672,9228
2026-07-13,Google Ads,GAD-PMax-Catalog,74888,2290,15.045.419,93.64,29803707,2275
2026-07-13,YouTube,YT-Instream-Skippable,64321,518,1.312.972,6.07,1452046,3528
2026-07-13,YouTube,YT-Shorts-Bumper,42437,375,832.862,4.21,860568,1938
2026-07-13,Email,EM-Newsletter-Mingguan,58613,3225,3.759.455,126.18,30534447,3365
2026-07-13,Email,EM-Abandoned-Cart,34810,1796,1.839.560,75.74,20732755,2406
2026-07-13,Email,EM-Winback-90d,30421,1328,1.662.599,74.27,18783295,1002
2026-07-13,Marketplace,MP-Flash-Sale,255082,4424,5.218.132,352.85,48953909,16645
2026-07-13,Marketplace,MP-Sponsored-Product,293869,5042,5.448.195,323.86,52751112,17951
2026-07-13,Marketplace,MP-Affiliate-KOL,157437,3548,3.893.723,191.91,27232733,5352
2026-07-14,Instagram,IG-Prospecting-Video,366649,7106,21.342.534,163.55,30081339,17428
2026-07-14,Instagram,IG-Retargeting-Carousel,117046,1851,6.607.245,41.38,7915339,6032
2026-07-14,Instagram,IG-Brand-Awareness,452943,10020,30.708.215,307.42,59181053,20035
2026-07-14,TikTok,TT-Spark-Ads-KOL,628584,14412,24.532.800,232.46,28434170,40725
2026-07-14,TikTok,TT-Non-Branded-UGC,468467,13454,26.155.396,266.15,42153317,32183
2026-07-14,TikTok,TT-Live-Shopping,208703,4541,9.197.162,103.45,11873939,14572
2026-07-14,Google Ads,GAD-Search-Brand,110567,3835,27.466.546,152.25,46752154,3185
2026-07-14,Google Ads,GAD-Search-NonBrand,191885,6419,35.816.145,337.7,99120557,12929
2026-07-14,Google Ads,GAD-PMax-Catalog,170853,4636,33.583.494,251.84,68996146,6057
2026-07-14,YouTube,YT-Instream-Skippable,78834,669,1.617.925,8.15,1455106,5195
2026-07-14,YouTube,YT-Shorts-Bumper,49816,514,1.361.855,9.04,1828431,1051
2026-07-14,Email,EM-Newsletter-Mingguan,66819,3411,4.536.073,211.46,60199935,2585
2026-07-14,Email,EM-Abandoned-Cart,79027,3055,3.266.279,142.72,31002594,5329
2026-07-14,Email,EM-Winback-90d,83902,4090,5.597.923,176.42,46267697,5575
2026-07-14,Marketplace,MP-Flash-Sale,273281,5943,6.718.407,321.95,54442325,7206
2026-07-14,Marketplace,MP-Sponsored-Product,333211,8253,11.372.599,509.93,93883164,7204
2026-07-14,Marketplace,MP-Affiliate-KOL,288641,7195,8.803.812,401.31,73264537,7803
2026-07-15,Instagram,IG-Prospecting-Video,353358,7798,27.839.859,170.79,27838393,19593
2026-07-15,Instagram,IG-Retargeting-Carousel,398085,7207,21.330.573,167.88,27135659,13070
2026-07-15,Instagram,IG-Brand-Awareness,119722,2114,7.716.116,63.36,13593026,5346
2026-07-15,TikTok,TT-Spark-Ads-KOL,355772,7177,14.329.989,138.24,19667843,19339
2026-07-15,TikTok,TT-Non-Branded-UGC,198006,5409,9.207.353,93.75,14641317,4695
2026-07-15,TikTok,TT-Live-Shopping,227237,5960,12.008.818,119.0,13863220,11294
2026-07-15,Google Ads,GAD-Search-Brand,176656,4449,26.011.913,237.0,73767656,4921
2026-07-15,Google Ads,GAD-Search-NonBrand,67052,1821,12.623.873,86.68,25681347,2230
2026-07-15,Google Ads,GAD-PMax-Catalog,100652,2558,18.323.071,114.37,27700706,3829
2026-07-15,YouTube,YT-Instream-Skippable,78742,797,1.739.440,12.04,2172797,2247
2026-07-15,YouTube,YT-Shorts-Bumper,58228,629,1.463.697,8.1,1737225,3089
2026-07-15,Email,EM-Newsletter-Mingguan,25014,1006,1.159.442,63.44,15317616,830
2026-07-15,Email,EM-Abandoned-Cart,45006,1879,2.424.907,75.1,19532247,1093
2026-07-15,Email,EM-Winback-90d,42342,2314,2.822.029,126.81,34826593,2580
2026-07-15,Marketplace,MP-Flash-Sale,202354,4873,6.517.230,315.36,49695983,4846
2026-07-15,Marketplace,MP-Sponsored-Product,365925,7691,10.060.913,612.93,103282922,18667
2026-07-15,Marketplace,MP-Affiliate-KOL,124094,2265,3.102.981,187.2,32874060,3265
2026-07-16,Instagram,IG-Prospecting-Video,315545,5687,18.892.053,191.99,40559300,10380
2026-07-16,Instagram,IG-Retargeting-Carousel,524325,8020,24.873.745,200.9,35833832,17727
2026-07-16,Instagram,IG-Brand-Awareness,319665,6592,21.236.014,187.27,34535472,13017
2026-07-16,TikTok,TT-Spark-Ads-KOL,236560,6264,12.712.943,150.78,20836512,5926
2026-07-16,TikTok,TT-Non-Branded-UGC,308323,6938,12.049.573,128.65,17320664,15554
2026-07-16,TikTok,TT-Live-Shopping,155316,3197,6.088.092,65.88,7510062,10015
2026-07-16,Google Ads,GAD-Search-Brand,110167,3751,27.284.747,197.94,45466198,6706
2026-07-16,Google Ads,GAD-Search-NonBrand,106767,3299,18.856.929,156.96,48547169,2853
2026-07-16,Google Ads,GAD-PMax-Catalog,245932,8617,54.615.148,325.08,93738642,7230
2026-07-16,YouTube,YT-Instream-Skippable,65766,685,1.825.081,11.2,2674666,3010
2026-07-16,YouTube,YT-Shorts-Bumper,48949,466,1.237.004,5.38,1308761,1050
2026-07-16,Email,EM-Newsletter-Mingguan,35310,1843,2.182.961,83.4,23445582,1950
2026-07-16,Email,EM-Abandoned-Cart,41345,1906,2.028.890,106.86,22074537,1597
2026-07-16,Email,EM-Winback-90d,51898,2741,3.141.062,149.97,32653949,3359
2026-07-16,Marketplace,MP-Flash-Sale,318175,6107,6.587.556,376.25,61251537,21714
2026-07-16,Marketplace,MP-Sponsored-Product,346937,7804,9.110.012,448.48,59575410,20475
2026-07-16,Marketplace,MP-Affiliate-KOL,249717,6107,7.551.083,432.32,57156333,8146
2026-07-17,Instagram,IG-Prospecting-Video,388749,8535,26.688.866,244.89,44478574,14553
2026-07-17,Instagram,IG-Retargeting-Carousel,201073,3984,12.353.923,124.63,20424461,9164
2026-07-17,Instagram,IG-Brand-Awareness,407488,7159,23.659.156,205.88,36353371,10352
2026-07-17,TikTok,TT-Spark-Ads-KOL,218596,5541,9.259.686,128.85,18690089,14125
2026-07-17,TikTok,TT-Non-Branded-UGC,275909,7325,14.393.088,173.25,25860657,13796
2026-07-17,TikTok,TT-Live-Shopping,549057,14344,29.671.915,302.64,37583177,22472
2026-07-17,Google Ads,GAD-Search-Brand,111272,3737,22.028.044,167.08,49446056,3463
2026-07-17,Google Ads,GAD-Search-NonBrand,179953,6486,42.249.356,304.96,93652449,11163
2026-07-17,Google Ads,GAD-PMax-Catalog,205654,5349,32.251.774,184.31,55959580,11958
2026-07-17,YouTube,YT-Instream-Skippable,59157,525,1.205.395,5.87,1369807,2091
2026-07-17,YouTube,YT-Shorts-Bumper,121463,1043,2.767.959,13.32,2837842,7691
2026-07-17,Email,EM-Newsletter-Mingguan,67349,2567,3.080.464,162.21,44911177,2632
2026-07-17,Email,EM-Abandoned-Cart,32506,1707,1.864.395,71.88,17133348,1576
2026-07-17,Email,EM-Winback-90d,78745,3356,4.364.484,195.75,47950169,4059
2026-07-17,Marketplace,MP-Flash-Sale,138672,2335,3.021.787,134.57,18960768,8074
2026-07-17,Marketplace,MP-Sponsored-Product,245567,4307,5.375.547,299.9,46075576,16764
2026-07-17,Marketplace,MP-Affiliate-KOL,160899,2973,3.047.144,181.73,27118999,9921
2026-07-18,Instagram,IG-Prospecting-Video,246107,4784,16.196.566,110.3,19804592,6509
2026-07-18,Instagram,IG-Retargeting-Carousel,338222,5424,16.305.156,169.66,29873718,19073
2026-07-18,Instagram,IG-Brand-Awareness,408707,8734,26.631.613,294.66,63532927,15516
2026-07-18,TikTok,TT-Spark-Ads-KOL,383953,10756,17.783.979,198.62,28957973,10198
2026-07-18,TikTok,TT-Non-Branded-UGC,745128,15515,29.188.700,280.53,31959630,47559
2026-07-18,TikTok,TT-Live-Shopping,383654,7545,14.241.116,185.94,26477562,8052
2026-07-18,Google Ads,GAD-Search-Brand,242555,7159,46.176.369,316.02,76527535,13282
2026-07-18,Google Ads,GAD-Search-NonBrand,217808,7189,43.501.853,336.45,95757497,5850
2026-07-18,Google Ads,GAD-PMax-Catalog,245882,8289,47.641.491,283.66,67444724,7360
2026-07-18,YouTube,YT-Instream-Skippable,67567,648,1.649.689,7.81,1563276,1484
2026-07-18,YouTube,YT-Shorts-Bumper,107590,1199,2.448.702,15.64,3564754,7030
2026-07-18,Email,EM-Newsletter-Mingguan,102114,4038,4.862.640,164.66,43597937,2559
2026-07-18,Email,EM-Abandoned-Cart,41480,2281,2.707.950,106.19,22553404,1192
2026-07-18,Email,EM-Winback-90d,25076,1293,1.662.186,60.78,12884615,1452
2026-07-18,Marketplace,MP-Flash-Sale,136414,3052,3.505.720,164.81,25626908,6969
2026-07-18,Marketplace,MP-Sponsored-Product,373345,8828,10.278.280,480.57,88403529,12541
2026-07-18,Marketplace,MP-Affiliate-KOL,281789,6627,8.661.321,469.48,64734009,15444
2026-07-19,Instagram,IG-Prospecting-Video,193008,3084,10.138.045,78.49,16419783,10407
2026-07-19,Instagram,IG-Retargeting-Carousel,218218,3809,12.862.278,75.84,16043367,14985
2026-07-19,Instagram,IG-Brand-Awareness,233339,3648,10.084.740,92.6,16130302,8333
2026-07-19,TikTok,TT-Spark-Ads-KOL,755983,20085,36.858.429,407.25,64091965,40439
2026-07-19,TikTok,TT-Non-Branded-UGC,447900,11612,21.915.717,177.03,21895698,16701
2026-07-19,TikTok,TT-Live-Shopping,661327,18024,37.191.448,362.01,41530401,34501
2026-07-19,Google Ads,GAD-Search-Brand,126143,4461,25.297.180,230.1,63029313,4042
2026-07-19,Google Ads,GAD-Search-NonBrand,271707,7489,47.263.847,347.18,86740228,11671
2026-07-19,Google Ads,GAD-PMax-Catalog,274899,9737,56.053.010,407.29,111781666,14479
2026-07-19,YouTube,YT-Instream-Skippable,56949,553,1.165.119,5.81,1295380,2902
2026-07-19,YouTube,YT-Shorts-Bumper,90715,761,2.072.443,11.92,2446261,2060
2026-07-19,Email,EM-Newsletter-Mingguan,42397,1997,2.377.302,111.11,28800362,2366
2026-07-19,Email,EM-Abandoned-Cart,36773,1503,1.982.495,71.9,20491148,1272
2026-07-19,Email,EM-Winback-90d,74140,2791,2.987.725,119.6,31599837,4158
2026-07-19,Marketplace,MP-Flash-Sale,151387,2782,3.230.886,224.61,35161753,8943
2026-07-19,Marketplace,MP-Sponsored-Product,325820,6608,8.732.577,532.73,87204191,19095
2026-07-19,Marketplace,MP-Affiliate-KOL,293114,7279,8.731.258,383.87,61619328,6574
2026-07-20,Instagram,IG-Prospecting-Video,535200,9834,35.443.383,263.24,186540388,26186
2026-07-20,Instagram,IG-Retargeting-Carousel,343145,6062,21.626.467,170.28,32333875,13463
2026-07-20,Instagram,IG-Brand-Awareness,568502,11621,42.359.375,272.08,59881324,24242
2026-07-20,TikTok,TT-Spark-Ads-KOL,226528,5872,9.931.359,129.59,18740348,14279
2026-07-20,TikTok,TT-Non-Branded-UGC,655939,16577,30.950.866,271.03,34047948,24443
2026-07-20,TikTok,TT-Live-Shopping,638602,16247,29.277.996,394.22,56876277,23066
2026-07-20,Google Ads,GAD-Search-Brand,75185,2312,15.784.489,103.32,27583056,4315
2026-07-20,Google Ads,GAD-Search-NonBrand,210373,7428,48.608.158,372.65,85773702,5736
2026-07-20,Google Ads,GAD-PMax-Catalog,172083,5868,35.702.991,206.67,51937302,10664
2026-07-20,YouTube,YT-Instream-Skippable,109424,1145,3.006.826,12.31,2289517,6938
2026-07-20,YouTube,YT-Shorts-Bumper,140437,1464,3.235.947,21.69,5122491,8418
2026-07-20,Email,EM-Newsletter-Mingguan,40367,2174,2.965.740,106.77,30533234,1438
2026-07-20,Email,EM-Abandoned-Cart,46262,1916,2.493.457,106.66,29554175,2845
2026-07-20,Email,EM-Winback-90d,86470,4213,5.125.707,250.35,63760998,5085
2026-07-20,Marketplace,MP-Flash-Sale,346169,6332,6.884.387,456.06,64385853,15817
2026-07-20,Marketplace,MP-Sponsored-Product,191376,4110,5.056.111,216.09,31459434,6991
2026-07-20,Marketplace,MP-Affiliate-KOL,260024,4704,4.884.322,279.22,50910709,13204
2026-07-21,Instagram,IG-Prospecting-Video,370003,7044,24.461.660,173.43,30841097,11469
2026-07-21,Instagram,IG-Retargeting-Carousel,153181,2840,9.187.944,72.26,11793686,4758
2026-07-21,Instagram,IG-Brand-Awareness,181404,3169,10.909.816,71.7,13737168,12668
2026-07-21,TikTok,TT-Spark-Ads-KOL,751171,14486,25.649.719,307.69,47380138,38073
2026-07-21,TikTok,TT-Non-Branded-UGC,608218,15663,31.711.603,275.73,42974885,23899
2026-07-21,TikTok,TT-Live-Shopping,437628,12231,21.190.271,279.37,41707670,18502
2026-07-21,Google Ads,GAD-Search-Brand,74352,2021,14.906.047,87.67,21348117,5042
2026-07-21,Google Ads,GAD-Search-NonBrand,136991,3509,24.677.654,164.85,50927642,5645
2026-07-21,Google Ads,GAD-PMax-Catalog,78420,2628,18.493.535,142.05,40975322,5253
2026-07-21,YouTube,YT-Instream-Skippable,109673,1025,2.155.389,13.38,2441574,6549
2026-07-21,YouTube,YT-Shorts-Bumper,104845,888,2.058.500,11.09,2492486,4367
2026-07-21,Email,EM-Newsletter-Mingguan,20946,977,1.213.976,54.95,14698113,1032
2026-07-21,Email,EM-Abandoned-Cart,56082,3021,3.937.833,124.57,28564828,1364
2026-07-21,Email,EM-Winback-90d,69079,3044,3.624.649,172.87,43010822,1853
2026-07-21,Marketplace,MP-Flash-Sale,224082,4792,5.136.169,391.95,66041343,14724
2026-07-21,Marketplace,MP-Sponsored-Product,352498,7027,8.567.547,572.13,92606343,9222
2026-07-21,Marketplace,MP-Affiliate-KOL,87651,1868,2.110.292,151.93,26185028,5713
2026-07-22,Instagram,IG-Prospecting-Video,238651,4673,13.431.906,125.37,21506323,14734
2026-07-22,Instagram,IG-Retargeting-Carousel,165235,3423,12.109.154,108.47,23606001,11519
2026-07-22,Instagram,IG-Brand-Awareness,298564,5061,14.242.774,103.56,21150817,13244
2026-07-22,TikTok,TT-Spark-Ads-KOL,309568,7892,14.714.355,120.71,18562994,11110
2026-07-22,TikTok,TT-Non-Branded-UGC,446280,9878,18.130.407,201.07,25945517,15984
2026-07-22,TikTok,TT-Live-Shopping,341114,7356,14.192.529,121.84,16125947,21151
2026-07-22,Google Ads,GAD-Search-Brand,90983,3247,20.209.957,136.99,35131277,4329
2026-07-22,Google Ads,GAD-Search-NonBrand,96045,3384,19.623.063,173.75,48357172,3185
2026-07-22,Google Ads,GAD-PMax-Catalog,202589,5214,33.961.501,166.47,38409589,9946
2026-07-22,YouTube,YT-Instream-Skippable,86168,952,2.313.697,14.03,3535244,3757
2026-07-22,YouTube,YT-Shorts-Bumper,122794,1037,2.664.046,17.06,3410318,5309
2026-07-22,Email,EM-Newsletter-Mingguan,51384,2366,3.135.223,134.46,36540226,2605
2026-07-22,Email,EM-Abandoned-Cart,30039,1352,1.840.863,58.51,15176929,2054
2026-07-22,Email,EM-Winback-90d,68326,2965,3.545.382,131.63,27547849,2629
2026-07-22,Marketplace,MP-Flash-Sale,86842,2121,2.522.163,128.78,20143801,1938
2026-07-22,Marketplace,MP-Sponsored-Product,361223,8204,10.818.213,544.35,96371906,11980
2026-07-22,Marketplace,MP-Affiliate-KOL,221896,4946,6.208.545,301.02,53303126,10170
2026-07-23,Instagram,IG-Prospecting-Video,299188,5571,19.794.623,136.75,25815593,13196
2026-07-23,Instagram,IG-Retargeting-Carousel,352780,5584,15.601.510,122.11,24289559,10787
2026-07-23,Instagram,IG-Brand-Awareness,175616,3531,10.386.024,74.84,15698555,9837
2026-07-23,TikTok,TT-Spark-Ads-KOL,449419,9538,18.885.215,151.99,17210524,9958
2026-07-23,TikTok,TT-Non-Branded-UGC,446110,11261,20.710.040,165.09,18949238,14683
2026-07-23,TikTok,TT-Live-Shopping,316702,7903,12.170.925,159.16,23149030,16813
2026-07-23,Google Ads,GAD-Search-Brand,97987,2976,21.474.666,161.99,39492163,6028
2026-07-23,Google Ads,GAD-Search-NonBrand,200062,6997,47.657.999,249.8,63102365,11245
2026-07-23,Google Ads,GAD-PMax-Catalog,125288,4025,25.261.468,148.14,35255641,3773
2026-07-23,YouTube,YT-Instream-Skippable,139916,1287,2.713.778,14.99,3200111,7099
2026-07-23,YouTube,YT-Shorts-Bumper,42394,403,962.704,4.6,865033,2127
2026-07-23,Email,EM-Newsletter-Mingguan,85777,4380,5.290.242,247.27,58137191,1902
2026-07-23,Email,EM-Abandoned-Cart,49413,2548,2.948.476,153.88,39006022,2820
2026-07-23,Email,EM-Winback-90d,75547,2916,3.475.144,122.49,27379358,4756
2026-07-23,Marketplace,MP-Flash-Sale,196033,3966,5.058.156,216.77,37842975,9586
2026-07-23,Marketplace,MP-Sponsored-Product,99744,2224,2.521.530,160.6,24315606,2767
2026-07-23,Marketplace,MP-Affiliate-KOL,261517,6272,7.222.633,394.55,57879508,14130
2026-07-24,Instagram,IG-Prospecting-Video,402651,8295,25.509.305,218.97,42301126,13162
2026-07-24,Instagram,IG-Retargeting-Carousel,221190,4428,15.680.002,132.95,26581319,12694
2026-07-24,Instagram,IG-Brand-Awareness,311791,4988,15.484.827,112.56,20166417,14819
2026-07-24,TikTok,TT-Spark-Ads-KOL,634398,13159,20.171.420,320.16,37269759,17298
2026-07-24,TikTok,TT-Non-Branded-UGC,712770,14124,22.219.660,233.99,26662269,27952
2026-07-24,TikTok,TT-Live-Shopping,796820,19284,35.726.898,418.21,65195033,48615
2026-07-24,Google Ads,GAD-Search-Brand,185633,5068,35.945.361,236.54,60230477,4025
2026-07-24,Google Ads,GAD-Search-NonBrand,182358,5046,28.235.927,178.72,44722470,3650
2026-07-24,Google Ads,GAD-PMax-Catalog,105421,3634,22.875.613,144.1,40747695,4837
2026-07-24,YouTube,YT-Instream-Skippable,105429,837,2.208.542,10.63,2611595,3944
2026-07-24,YouTube,YT-Shorts-Bumper,140501,1392,3.770.257,16.7,3685647,4644
2026-07-24,Email,EM-Newsletter-Mingguan,39845,1519,2.067.755,70.66,19179536,2703
2026-07-24,Email,EM-Abandoned-Cart,87288,4136,5.656.485,238.71,59989537,5106
2026-07-24,Email,EM-Winback-90d,82024,3711,4.569.182,189.9,39176544,2117
2026-07-24,Marketplace,MP-Flash-Sale,111728,2810,3.098.896,201.84,30049796,7572
2026-07-24,Marketplace,MP-Sponsored-Product,203601,4844,5.102.784,274.83,46252785,12431
2026-07-24,Marketplace,MP-Affiliate-KOL,126220,2626,3.523.661,158.71,23227287,8502
2026-07-25,Instagram,IG-Prospecting-Video,771170,14261,48.858.162,318.81,68148143,23396
2026-07-25,Instagram,IG-Retargeting-Carousel,304173,5894,16.635.782,128.08,27772790,16362
2026-07-25,Instagram,IG-Brand-Awareness,685132,14015,38.688.492,381.8,71961534,34965
2026-07-25,TikTok,TT-Spark-Ads-KOL,958786,26665,47.864.603,622.06,98085505,63088
2026-07-25,TikTok,TT-Non-Branded-UGC,530914,13133,25.761.150,194.57,26130688,24973
2026-07-25,TikTok,TT-Live-Shopping,795346,20511,42.197.670,329.75,47635216,34203
2026-07-25,Google Ads,GAD-Search-Brand,285962,7839,48.286.235,352.15,100459772,9432
2026-07-25,Google Ads,GAD-Search-NonBrand,268178,8218,51.269.878,375.26,103041441,8187
2026-07-25,Google Ads,GAD-PMax-Catalog,334944,11855,69.656.757,450.0,108046563,16343
2026-07-25,YouTube,YT-Instream-Skippable,91841,792,1.862.633,9.76,2014683,2507
2026-07-25,YouTube,YT-Shorts-Bumper,230406,2456,5.894.840,29.13,7332150,14393
2026-07-25,Email,EM-Newsletter-Mingguan,100680,5160,6.307.279,240.79,60606545,4019
2026-07-25,Email,EM-Abandoned-Cart,95751,4957,6.180.654,255.89,61870199,3517
2026-07-25,Email,EM-Winback-90d,76470,4125,4.237.209,187.61,40183416,4846
2026-07-25,Marketplace,MP-Flash-Sale,601856,13023,14.101.378,922.65,160616148,22723
2026-07-25,Marketplace,MP-Sponsored-Product,514329,11823,13.681.168,937.73,138121285,26532
2026-07-25,Marketplace,MP-Affiliate-KOL,200782,4735,5.906.291,283.54,46149069,12538
2026-07-26,Instagram,IG-Prospecting-Video,213740,3524,10.571.916,84.69,14784976,11164
2026-07-26,Instagram,IG-Retargeting-Carousel,377105,7989,26.231.064,197.27,43353971,15348
2026-07-26,Instagram,IG-Brand-Awareness,267504,5400,19.562.149,156.41,31692373,6421
2026-07-26,TikTok,TT-Spark-Ads-KOL,407605,8076,14.747.371,189.23,21462222,16243
2026-07-26,TikTok,TT-Non-Branded-UGC,954130,20723,39.034.533,328.93,50362434,33842
2026-07-26,TikTok,TT-Live-Shopping,518922,13084,25.943.380,204.4,23203443,27595
2026-07-26,Google Ads,GAD-Search-Brand,384480,11805,77.668.065,637.74,161573382,16241
2026-07-26,Google Ads,GAD-Search-NonBrand,481834,13007,87.870.983,589.28,169385079,23224
2026-07-26,Google Ads,GAD-PMax-Catalog,302785,8672,57.036.750,342.7,103935063,12745
2026-07-26,YouTube,YT-Instream-Skippable,125099,1095,2.876.820,11.5,2769230,4653
2026-07-26,YouTube,YT-Shorts-Bumper,130955,1454,3.465.856,25.87,4635325,5437
2026-07-26,Email,EM-Newsletter-Mingguan,60404,2231,2.606.171,108.71,27296234,2400
2026-07-26,Email,EM-Abandoned-Cart,55946,2460,2.742.113,120.2,28784936,1789
2026-07-26,Email,EM-Winback-90d,140731,7270,8.160.522,417.7,111276430,8506
2026-07-26,Marketplace,MP-Flash-Sale,425941,7808,9.754.953,454.4,75095485,14314
2026-07-26,Marketplace,MP-Sponsored-Product,438040,7430,9.010.064,369.64,52428968,11001
2026-07-26,Marketplace,MP-Affiliate-KOL,321796,7372,7.918.911,414.25,65669123,11937
2026-07-27,Instagram,IG-Prospecting-Video,359812,7982,27.776.916,208.59,37260421,22372
2026-07-27,Instagram,IG-Retargeting-Carousel,571815,11745,37.247.325,241.02,40899134,35497
2026-07-27,Instagram,IG-Brand-Awareness,677484,10638,31.478.470,324.3,67190687,28555
2026-07-27,TikTok,TT-Spark-Ads-KOL,720405,17019,30.828.214,379.64,59820994,31439
2026-07-27,TikTok,TT-Non-Branded-UGC,762358,17002,26.399.828,354.06,55058743,35104
2026-07-27,TikTok,TT-Live-Shopping,473264,9990,19.942.843,235.0,28731455,12138
2026-07-27,Google Ads,GAD-Search-Brand,240974,6476,37.292.228,245.31,74038778,4927
2026-07-27,Google Ads,GAD-Search-NonBrand,98511,3024,18.895.372,136.89,32331886,2747
2026-07-27,Google Ads,GAD-PMax-Catalog,107839,3919,26.430.808,213.71,49881809,5632
2026-07-27,YouTube,YT-Instream-Skippable,180692,1460,4.009.394,17.94,4242436,10450
2026-07-27,YouTube,YT-Shorts-Bumper,177033,1475,3.389.975,23.32,4393514,11495
2026-07-27,Email,EM-Newsletter-Mingguan,68508,2893,3.148.069,167.2,36729411,2561
2026-07-27,Email,EM-Abandoned-Cart,85414,4450,5.427.125,284.35,59652145,2370
2026-07-27,Email,EM-Winback-90d,48075,2094,2.616.738,80.13,18898864,1407
2026-07-27,Marketplace,MP-Flash-Sale,142878,3332,4.263.112,187.93,31470398,6708
2026-07-27,Marketplace,MP-Sponsored-Product,289303,6069,7.530.285,409.15,61065952,15057
2026-07-27,Marketplace,MP-Affiliate-KOL,167860,2914,3.108.489,225.55,40403493,5053
2026-07-28,Instagram,IG-Prospecting-Video,268663,5111,17.131.562,160.8,30760846,14794
2026-07-28,Instagram,IG-Retargeting-Carousel,208451,4020,14.523.480,82.46,14081309,9291
2026-07-28,Instagram,IG-Brand-Awareness,408720,8472,27.581.491,172.55,37616744,16675
2026-07-28,TikTok,TT-Spark-Ads-KOL,444093,12038,18.682.440,204.98,23665418,15630
2026-07-28,TikTok,TT-Non-Branded-UGC,913463,18390,33.416.685,401.42,48553108,42302
2026-07-28,TikTok,TT-Live-Shopping,350805,7338,12.872.188,162.01,18967827,18218
2026-07-28,Google Ads,GAD-Search-Brand,131242,4337,25.375.038,225.08,55082357,5260
2026-07-28,Google Ads,GAD-Search-NonBrand,113039,4203,26.108.379,175.4,45141452,7865
2026-07-28,Google Ads,GAD-PMax-Catalog,120358,4125,28.631.968,170.98,48707773,5796
2026-07-28,YouTube,YT-Instream-Skippable,66443,739,2.018.706,9.2,1945418,2648
2026-07-28,YouTube,YT-Shorts-Bumper,146136,1441,3.971.615,20.88,4190414,5117
2026-07-28,Email,EM-Newsletter-Mingguan,38251,1423,1.804.653,87.23,19817175,1824
2026-07-28,Email,EM-Abandoned-Cart,65550,2599,2.983.577,102.16,22027743,2514
2026-07-28,Email,EM-Winback-90d,52973,2740,3.189.123,111.87,31446112,3004
2026-07-28,Marketplace,MP-Flash-Sale,357608,6527,8.278.145,503.02,81997151,23381
2026-07-28,Marketplace,MP-Sponsored-Product,261571,6000,6.289.594,409.72,55223150,15314
2026-07-28,Marketplace,MP-Affiliate-KOL,224533,4558,6.076.037,358.0,51569736,11819
2026-07-29,Instagram,IG-Prospecting-Video,300501,6176,18.606.279,154.22,24661731,14122
2026-07-29,Instagram,IG-Retargeting-Carousel,176132,2895,9.906.032,58.53,10693648,7447
2026-07-29,Instagram,IG-Brand-Awareness,362262,5957,18.457.562,140.84,23353054,8740
2026-07-29,TikTok,TT-Spark-Ads-KOL,461569,10631,19.146.191,160.94,23811616,12240
2026-07-29,TikTok,TT-Non-Branded-UGC,271705,6489,10.615.726,136.7,19228452,15428
2026-07-29,TikTok,TT-Live-Shopping,286484,7637,15.495.345,134.63,15663250,15352
2026-07-29,Google Ads,GAD-Search-Brand,139598,4017,22.384.840,181.65,46574507,9686
2026-07-29,Google Ads,GAD-Search-NonBrand,221791,6717,37.696.933,234.2,71323344,6650
2026-07-29,Google Ads,GAD-PMax-Catalog,149840,5300,29.848.784,180.72,57255168,9940
2026-07-29,YouTube,YT-Instream-Skippable,158951,1216,2.578.748,19.27,4076976,3360
2026-07-29,YouTube,YT-Shorts-Bumper,60973,511,1.136.741,7.42,1587631,3445
2026-07-29,Email,EM-Newsletter-Mingguan,30448,1131,1.423.536,61.75,12821634,868
2026-07-29,Email,EM-Abandoned-Cart,42183,2032,2.551.582,80.75,16529302,1663
2026-07-29,Email,EM-Winback-90d,42066,2059,2.114.268,128.67,35623909,2207
2026-07-29,Marketplace,MP-Flash-Sale,157995,3950,4.478.078,203.47,36375108,7359
2026-07-29,Marketplace,MP-Sponsored-Product,150459,3107,3.192.706,250.41,36352390,6992
2026-07-29,Marketplace,MP-Affiliate-KOL,191011,3461,3.968.571,208.37,34520233,6076
2026-07-30,Instagram,IG-Prospecting-Video,524658,10917,38.903.363,310.58,66744377,31869
2026-07-30,Instagram,IG-Retargeting-Carousel,129188,2180,7.806.679,47.24,9437136,3151
2026-07-30,Instagram,IG-Brand-Awareness,320082,6188,18.182.009,176.01,30417567,8846
2026-07-30,TikTok,TT-Spark-Ads-KOL,944165,21113,34.659.483,420.49,49870562,44440
2026-07-30,TikTok,TT-Non-Branded-UGC,802684,17793,32.255.401,384.65,45561565,56015
2026-07-30,TikTok,TT-Live-Shopping,720715,20293,34.527.869,483.67,66721183,48598
2026-07-30,Google Ads,GAD-Search-Brand,77809,2778,19.497.544,134.18,41644637,3167
2026-07-30,Google Ads,GAD-Search-NonBrand,142648,5189,38.114.826,270.65,68604090,8410
2026-07-30,Google Ads,GAD-PMax-Catalog,71634,2454,14.833.988,111.98,31465736,2260
2026-07-30,YouTube,YT-Instream-Skippable,67430,605,1.440.676,9.55,2057421,3387
2026-07-30,YouTube,YT-Shorts-Bumper,117611,1275,2.726.551,18.21,3508706,2542
2026-07-30,Email,EM-Newsletter-Mingguan,58812,2456,3.161.874,122.41,35133705,3405
2026-07-30,Email,EM-Abandoned-Cart,26856,1475,1.765.098,92.32,21352354,1152
2026-07-30,Email,EM-Winback-90d,34464,1295,1.498.004,76.23,17555186,1743
2026-07-30,Marketplace,MP-Flash-Sale,346922,7359,9.590.779,580.08,92810585,14772
2026-07-30,Marketplace,MP-Sponsored-Product,303651,7641,8.882.492,506.31,86898639,14540
2026-07-30,Marketplace,MP-Affiliate-KOL,273033,4700,5.467.506,273.77,40593014,16759
2026-07-31,Instagram,IG-Prospecting-Video,300937,5819,18.716.510,118.02,19644809,18506
2026-07-31,Instagram,IG-Retargeting-Carousel,329997,5160,18.682.049,158.09,31985460,8832
2026-07-31,Instagram,IG-Brand-Awareness,284308,4584,15.604.861,128.09,21816368,12150
2026-07-31,TikTok,TT-Spark-Ads-KOL,375056,10467,20.075.582,236.28,27859553,9642
2026-07-31,TikTok,TT-Non-Branded-UGC,460687,11162,21.845.641,203.86,27691625,31091
2026-07-31,TikTok,TT-Live-Shopping,418350,11118,20.405.192,264.41,37724119,11507
2026-07-31,Google Ads,GAD-Search-Brand,215823,7258,44.480.994,298.97,89661360,9132
2026-07-31,Google Ads,GAD-Search-NonBrand,165758,4381,29.525.020,158.54,39879020,7116
2026-07-31,Google Ads,GAD-PMax-Catalog,244946,6092,36.484.862,316.12,89473877,10725
2026-07-31,YouTube,YT-Instream-Skippable,72644,718,1.747.060,8.89,1991560,3478
2026-07-31,YouTube,YT-Shorts-Bumper,115291,941,1.944.856,14.62,3526320,6151
2026-07-31,Email,EM-Newsletter-Mingguan,70834,3806,4.453.711,150.82,33026352,3797
2026-07-31,Email,EM-Abandoned-Cart,64962,3102,3.361.912,187.14,45334792,3180
2026-07-31,Email,EM-Winback-90d,70674,2990,3.457.690,145.28,30462731,2924
2026-07-31,Marketplace,MP-Flash-Sale,254093,4556,5.097.141,330.08,52925966,11747
2026-07-31,Marketplace,MP-Sponsored-Product,336086,5955,7.422.269,438.79,81309778,14849
2026-07-31,Marketplace,MP-Affiliate-KOL,370748,9300,11.524.559,540.42,80479161,17154
2026-08-01,Instagram,IG-Prospecting-Video,880511,13877,44.668.075,382.24,75746545,39293
2026-08-01,Instagram,IG-Retargeting-Carousel,344903,6913,18.814.085,231.61,36780677,17684
2026-08-01,Instagram,IG-Brand-Awareness,322281,6677,20.814.218,225.57,40346667,15476
2026-08-01,TikTok,TT-Spark-Ads-KOL,881990,18638,36.468.456,320.44,40509436,39985
2026-08-01,TikTok,TT-Non-Branded-UGC,576835,14873,28.573.854,265.0,37274294,12376
2026-08-01,TikTok,TT-Live-Shopping,495030,11111,22.495.854,236.4,35231899,25881
2026-08-01,Google Ads,GAD-Search-Brand,292537,10491,64.817.248,460.59,138793084,11906
2026-08-01,Google Ads,GAD-Search-NonBrand,421989,12032,73.877.370,580.49,161414330,12834
2026-08-01,Google Ads,GAD-PMax-Catalog,393710,14099,104.557.245,559.29,142120624,8488
2026-08-01,YouTube,YT-Instream-Skippable,285116,3080,7.146.124,45.88,10195589,18028
2026-08-01,YouTube,YT-Shorts-Bumper,238751,2100,4.909.397,22.56,4851094,7612
2026-08-01,Email,EM-Newsletter-Mingguan,100171,4085,4.331.391,190.88,51524289,5899
2026-08-01,Email,EM-Abandoned-Cart,138214,5150,6.179.732,266.7,58667171,9147
2026-08-01,Email,EM-Winback-90d,120569,6157,8.213.093,260.27,71069679,8066
2026-08-01,Marketplace,MP-Flash-Sale,479141,10966,14.002.494,703.67,112649040,9681
2026-08-01,Marketplace,MP-Sponsored-Product,747993,16300,19.365.946,832.37,111748824,34429
2026-08-01,Marketplace,MP-Affiliate-KOL,505256,10940,14.671.796,645.3,96250983,14969
2026-08-02,Instagram,IG-Prospecting-Video,378794,6843,19.592.854,144.94,25360481,7865
2026-08-02,Instagram,IG-Retargeting-Carousel,663915,10841,32.801.675,265.7,44217432,36660
2026-08-02,Instagram,IG-Brand-Awareness,372386,5708,17.380.815,161.35,30007772,9870
2026-08-02,TikTok,TT-Spark-Ads-KOL,942439,19053,33.539.160,282.22,33998736,46939
2026-08-02,TikTok,TT-Non-Branded-UGC,1156807,29977,50.923.121,620.25,93015840,64370
2026-08-02,TikTok,TT-Live-Shopping,1138619,32505,57.906.046,719.89,85155594,69049
2026-08-02,Google Ads,GAD-Search-Brand,438944,13366,92.354.709,632.34,171651934,13864
2026-08-02,Google Ads,GAD-Search-NonBrand,208922,6780,42.640.279,356.52,104610463,11127
2026-08-02,Google Ads,GAD-PMax-Catalog,449684,13680,88.260.040,440.47,114860224,19364
2026-08-02,YouTube,YT-Instream-Skippable,105767,1047,2.212.981,12.02,2867343,6329
2026-08-02,YouTube,YT-Shorts-Bumper,137193,1456,3.389.926,21.26,4440456,7003
2026-08-02,Email,EM-Newsletter-Mingguan,114376,5017,6.587.071,239.84,60832620,6773
2026-08-02,Email,EM-Abandoned-Cart,93022,4355,5.481.201,195.44,41147713,6190
2026-08-02,Email,EM-Winback-90d,100345,4786,5.838.184,245.21,66955029,2891
2026-08-02,Marketplace,MP-Flash-Sale,609224,10791,14.003.905,827.22,125990693,27241
2026-08-02,Marketplace,MP-Sponsored-Product,466711,11044,14.855.854,875.02,145481083,9339
2026-08-02,Marketplace,MP-Affiliate-KOL,215045,4572,5.615.175,282.24,40181508,11629
2026-08-03,Instagram,IG-Prospecting-Video,259436,5593,20.277.445,133.42,24735482,17935
2026-08-03,Instagram,IG-Retargeting-Carousel,225745,3355,10.426.142,112.73,18658440,7835
2026-08-03,Instagram,IG-Brand-Awareness,280481,4261,14.948.603,125.96,22736779,17688
2026-08-03,TikTok,TT-Spark-Ads-KOL,720572,18693,31.810.865,343.39,44600532,28159
2026-08-03,TikTok,TT-Non-Branded-UGC,605679,14390,25.005.549,233.37,36150844,37551
2026-08-03,TikTok,TT-Live-Shopping,352248,9029,14.164.262,141.33,15960192,19749
2026-08-03,Google Ads,GAD-Search-Brand,160561,5953,40.348.489,199.18,53141512,6872
2026-08-03,Google Ads,GAD-Search-NonBrand,238326,7169,46.727.140,255.58,71456305,10129
2026-08-03,Google Ads,GAD-PMax-Catalog,120507,3892,27.929.784,174.56,43640277,5433
2026-08-03,YouTube,YT-Instream-Skippable,87640,788,1.930.533,14.21,3273714,2249
2026-08-03,YouTube,YT-Shorts-Bumper,101646,827,2.273.815,13.35,3347321,5991
2026-08-03,Email,EM-Newsletter-Mingguan,43150,2294,2.730.624,93.46,24887587,2935
2026-08-03,Email,EM-Abandoned-Cart,25359,1306,1.356.514,61.38,14293622,1494
2026-08-03,Email,EM-Winback-90d,51379,2334,2.734.844,137.34,39098580,3078
2026-08-03,Marketplace,MP-Flash-Sale,160327,3936,5.045.280,292.79,47528273,3699
2026-08-03,Marketplace,MP-Sponsored-Product,225117,3880,5.086.908,321.46,53240742,7731
2026-08-03,Marketplace,MP-Affiliate-KOL,121960,2921,3.119.000,168.79,24810520,7670
2026-08-04,Instagram,IG-Prospecting-Video,106605,1716,4.915.070,47.97,8930506,6438
2026-08-04,Instagram,IG-Retargeting-Carousel,247318,4548,16.133.409,140.67,25242704,5990
2026-08-04,Instagram,IG-Brand-Awareness,208655,3326,12.219.608,88.45,18320382,6656
2026-08-04,TikTok,TT-Spark-Ads-KOL,530823,11266,19.336.809,247.0,35042946,30668
2026-08-04,TikTok,TT-Non-Branded-UGC,242777,5591,10.806.286,97.27,14295497,11320
2026-08-04,TikTok,TT-Live-Shopping,497200,11812,23.622.420,186.23,20997054,32995
2026-08-04,Google Ads,GAD-Search-Brand,166804,6126,34.336.181,289.6,90901194,8652
2026-08-04,Google Ads,GAD-Search-NonBrand,260385,9422,58.209.009,483.6,122278895,6487
2026-08-04,Google Ads,GAD-PMax-Catalog,193485,6653,46.286.900,324.71,91900477,5755
2026-08-04,YouTube,YT-Instream-Skippable,82381,682,1.722.717,10.04,2406580,1697
2026-08-04,YouTube,YT-Shorts-Bumper,40134,373,837.077,4.55,876185,850
2026-08-04,Email,EM-Newsletter-Mingguan,29150,1425,1.940.933,87.89,22641150,1615
2026-08-04,Email,EM-Abandoned-Cart,30590,1199,1.611.168,67.93,17087098,2091
2026-08-04,Email,EM-Winback-90d,86368,3581,4.859.408,183.87,47376466,5712
2026-08-04,Marketplace,MP-Flash-Sale,184844,4508,5.123.087,338.56,47579421,4381
2026-08-04,Marketplace,MP-Sponsored-Product,347627,6812,9.291.010,341.35,49874281,14610
2026-08-04,Marketplace,MP-Affiliate-KOL,305055,6689,8.007.437,363.08,50669101,17826
2026-08-05,Instagram,IG-Prospecting-Video,224416,4837,13.636.014,143.8,23291920,10899
2026-08-05,Instagram,IG-Retargeting-Carousel,222970,4779,15.937.254,103.37,22498367,11869
2026-08-05,Instagram,IG-Brand-Awareness,251157,5398,17.354.610,149.63,32635563,11185
2026-08-05,TikTok,TT-Spark-Ads-KOL,573038,15298,27.868.622,343.56,38599898,38799
2026-08-05,TikTok,TT-Non-Branded-UGC,779564,19213,33.119.280,461.51,66319884,31207
2026-08-05,TikTok,TT-Live-Shopping,758574,15225,31.194.265,302.01,35008553,32605
2026-08-05,Google Ads,GAD-Search-Brand,238701,6443,40.421.377,208.79,51304039,13079
2026-08-05,Google Ads,GAD-Search-NonBrand,266973,7810,52.789.081,261.33,77556899,7208
2026-08-05,Google Ads,GAD-PMax-Catalog,109625,3525,19.907.044,150.86,42015787,3879
2026-08-05,YouTube,YT-Instream-Skippable,114429,1065,2.201.080,19.35,3533605,6796
2026-08-05,YouTube,YT-Shorts-Bumper,34462,368,871.229,5.75,1312651,2196
2026-08-05,Email,EM-Newsletter-Mingguan,29973,1613,1.727.514,63.37,16407119,1306
2026-08-05,Email,EM-Abandoned-Cart,68832,3421,3.701.792,143.39,29853026,2434
2026-08-05,Email,EM-Winback-90d,72533,2897,3.807.872,158.84,33822130,3254
2026-08-05,Marketplace,MP-Flash-Sale,336292,7922,10.395.059,499.12,92353739,18133
2026-08-05,Marketplace,MP-Sponsored-Product,243906,5278,6.972.412,278.84,48734613,14198
2026-08-05,Marketplace,MP-Affiliate-KOL,284131,5062,5.919.292,268.12,45452722,13545
2026-08-06,Instagram,IG-Prospecting-Video,358630,5416,19.136.349,113.35,22319021,21117
2026-08-06,Instagram,IG-Retargeting-Carousel,125461,1863,5.225.987,41.1,8197828,8073
2026-08-06,Instagram,IG-Brand-Awareness,334496,6863,20.025.176,201.77,40087895,15438
2026-08-06,TikTok,TT-Spark-Ads-KOL,578274,14492,23.581.751,212.21,28711140,39042
2026-08-06,TikTok,TT-Non-Branded-UGC,723226,16301,27.014.887,233.07,27415630,33637
2026-08-06,TikTok,TT-Live-Shopping,255377,6769,11.158.475,134.64,19898480,13526
2026-08-06,Google Ads,GAD-Search-Brand,106984,3710,27.504.762,175.59,47813201,3083
2026-08-06,Google Ads,GAD-Search-NonBrand,172493,5657,36.050.594,215.45,55835657,10394
2026-08-06,Google Ads,GAD-PMax-Catalog,188657,6411,37.618.308,338.9,102171628,8349
2026-08-06,YouTube,YT-Instream-Skippable,56342,583,1.325.367,8.78,1694918,3034
2026-08-06,YouTube,YT-Shorts-Bumper,83546,738,1.898.797,8.31,2015086,3240
2026-08-06,Email,EM-Newsletter-Mingguan,33774,1544,1.655.330,97.62,27522552,1444
2026-08-06,Email,EM-Abandoned-Cart,39683,1986,2.723.071,111.17,24566383,1046
2026-08-06,Email,EM-Winback-90d,56168,2208,2.616.723,137.21,29962954,2088
2026-08-06,Marketplace,MP-Flash-Sale,423194,9916,12.297.777,698.68,98492614,28992
2026-08-06,Marketplace,MP-Sponsored-Product,337830,8107,11.175.626,528.77,86635464,20895
2026-08-06,Marketplace,MP-Affiliate-KOL,210333,4834,5.500.553,274.02,44715732,13586
2026-08-07,Instagram,IG-Prospecting-Video,332130,6326,23.157.693,123.81,19789866,14459
2026-08-07,Instagram,IG-Retargeting-Carousel,381052,7137,24.881.033,188.09,39579738,16241
2026-08-07,Instagram,IG-Brand-Awareness,230455,3432,12.464.503,102.84,17054611,8017
2026-08-07,TikTok,TT-Spark-Ads-KOL,580460,13818,26.390.119,240.93,36581982,33298
2026-08-07,TikTok,TT-Non-Branded-UGC,216211,5753,10.061.891,134.54,20005364,8329
2026-08-07,TikTok,TT-Live-Shopping,571329,15689,31.572.410,235.15,30000743,12361
2026-08-07,Google Ads,GAD-Search-Brand,140854,5146,36.401.378,226.56,68350865,3387
2026-08-07,Google Ads,GAD-Search-NonBrand,275118,7010,47.951.916,373.89,116313705,7029
2026-08-07,Google Ads,GAD-PMax-Catalog,146342,4293,28.394.467,152.6,35721092,8117
2026-08-07,YouTube,YT-Instream-Skippable,71210,606,1.444.470,6.89,1705533,3490
2026-08-07,YouTube,YT-Shorts-Bumper,140237,1463,3.355.636,17.9,3546672,7574
2026-08-07,Email,EM-Newsletter-Mingguan,32090,1385,1.675.018,71.85,15398755,1781
2026-08-07,Email,EM-Abandoned-Cart,66632,2810,3.675.885,156.45,44338907,4027
2026-08-07,Email,EM-Winback-90d,70893,3772,3.956.634,192.74,53856914,2440
2026-08-07,Marketplace,MP-Flash-Sale,375185,7173,8.597.836,520.29,93246032,17271
2026-08-07,Marketplace,MP-Sponsored-Product,295820,7379,7.877.372,494.83,74500722,12482
2026-08-07,Marketplace,MP-Affiliate-KOL,301348,5222,5.763.194,410.9,75256679,15741
2026-08-08,Instagram,IG-Prospecting-Video,365633,7159,23.551.655,173.01,35013343,22704
2026-08-08,Instagram,IG-Retargeting-Carousel,377898,5962,17.199.276,183.55,31953895,16708
2026-08-08,Instagram,IG-Brand-Awareness,772510,11704,36.956.474,287.32,48276104,51145
2026-08-08,TikTok,TT-Spark-Ads-KOL,872107,24892,47.398.646,573.05,81937569,24135
2026-08-08,TikTok,TT-Non-Branded-UGC,409242,9101,15.204.945,141.72,17109388,19695
2026-08-08,TikTok,TT-Live-Shopping,275678,6203,11.298.951,112.57,13475469,9670
2026-08-08,Google Ads,GAD-Search-Brand,325502,10088,64.747.985,351.66,90670445,6580
2026-08-08,Google Ads,GAD-Search-NonBrand,334597,9672,62.379.139,462.31,117881427,22485
2026-08-08,Google Ads,GAD-PMax-Catalog,363505,9678,70.585.015,431.22,116113591,19796
2026-08-08,YouTube,YT-Instream-Skippable,187350,1523,3.445.015,22.45,4670957,11624
2026-08-08,YouTube,YT-Shorts-Bumper,99990,781,1.920.907,12.05,2348569,6678
2026-08-08,Email,EM-Newsletter-Mingguan,40457,1890,2.384.250,95.89,20265154,1844
2026-08-08,Email,EM-Abandoned-Cart,38729,1856,2.500.658,120.13,28150625,1061
2026-08-08,Email,EM-Winback-90d,95256,4159,4.768.090,192.28,55014434,6069
2026-08-08,Marketplace,MP-Flash-Sale,178823,3671,4.807.181,304.51,44887521,10780
2026-08-08,Marketplace,MP-Sponsored-Product,554519,13491,16.613.152,713.87,97385890,16851
2026-08-08,Marketplace,MP-Affiliate-KOL,388126,9737,13.297.469,490.05,84665068,9479
2026-08-09,Instagram,IG-Prospecting-Video,1071838,19151,65.148.463,525.66,108365531,28775
2026-08-09,Instagram,IG-Retargeting-Carousel,600489,11348,39.869.217,228.15,48205179,21135
2026-08-09,Instagram,IG-Brand-Awareness,1122561,16837,50.041.994,328.91,72081028,69276
2026-08-09,TikTok,TT-Spark-Ads-KOL,1837593,51030,91.629.654,949.62,136725303,59239
2026-08-09,TikTok,TT-Non-Branded-UGC,842559,24220,46.807.410,362.02,50337258,40678
2026-08-09,TikTok,TT-Live-Shopping,2788743,66288,105.701.845,1425.52,193698197,135988
2026-08-09,Google Ads,GAD-Search-Brand,668701,17069,123.540.155,663.72,159630904,18834
2026-08-09,Google Ads,GAD-Search-NonBrand,360518,13018,79.284.586,517.13,143492249,24088
2026-08-09,Google Ads,GAD-PMax-Catalog,586830,15887,111.090.643,535.12,149191132,37335
2026-08-09,YouTube,YT-Instream-Skippable,459834,4021,10.195.229,63.44,11770925,22533
2026-08-09,YouTube,YT-Shorts-Bumper,354391,3391,8.101.970,45.35,9228831,23227
2026-08-09,Email,EM-Newsletter-Mingguan,70015,2861,3.842.723,124.57,31831735,4311
2026-08-09,Email,EM-Abandoned-Cart,172135,8080,8.573.188,480.48,116602754,4100
2026-08-09,Email,EM-Winback-90d,268124,12233,14.073.953,574.81,156710420,17290
2026-08-09,Marketplace,MP-Flash-Sale,1058449,20823,21.455.098,1519.84,267401425,32937
2026-08-09,Marketplace,MP-Sponsored-Product,1093041,20443,21.810.621,1071.48,145736846,59615
2026-08-09,Marketplace,MP-Affiliate-KOL,995301,23198,24.016.933,1731.91,238309641,59372
2026-08-10,Instagram,IG-Prospecting-Video,296153,4644,12.926.172,107.35,21521776,17096
2026-08-10,Instagram,IG-Retargeting-Carousel,543836,8875,25.715.457,287.45,51743553,13345
2026-08-10,Instagram,IG-Brand-Awareness,580482,12667,36.405.909,310.01,58797714,32755
2026-08-10,TikTok,TT-Spark-Ads-KOL,406836,8198,12.605.341,166.36,20332939,12033
2026-08-10,TikTok,TT-Non-Branded-UGC,489517,11923,18.877.377,291.2,35552285,22131
2026-08-10,TikTok,TT-Live-Shopping,719766,17892,36.628.165,337.17,40647056,27165
2026-08-10,Google Ads,GAD-Search-Brand,130206,3597,26.775.986,122.67,29365437,3322
2026-08-10,Google Ads,GAD-Search-NonBrand,99499,3337,18.701.578,148.07,38286259,2566
2026-08-10,Google Ads,GAD-PMax-Catalog,128249,3677,23.497.085,198.73,55595499,4428
2026-08-10,YouTube,YT-Instream-Skippable,128108,1008,2.400.368,17.1,3906728,3711
2026-08-10,YouTube,YT-Shorts-Bumper,162117,1297,3.260.549,17.99,3323918,4404
2026-08-10,Email,EM-Newsletter-Mingguan,48290,1867,2.562.194,119.9,25111038,3320
2026-08-10,Email,EM-Abandoned-Cart,43911,2416,3.193.751,100.75,26689443,1490
2026-08-10,Email,EM-Winback-90d,70515,2949,3.691.632,178.11,42322975,3088
2026-08-10,Marketplace,MP-Flash-Sale,308539,6439,8.348.324,372.3,51232060,10038
2026-08-10,Marketplace,MP-Sponsored-Product,293882,5270,5.475.167,271.41,36763114,15842
2026-08-10,Marketplace,MP-Affiliate-KOL,434923,9788,12.175.465,522.45,71563374,10362
2026-08-11,Instagram,IG-Prospecting-Video,505815,10453,35.077.110,234.02,44229064,16734
2026-08-11,Instagram,IG-Retargeting-Carousel,313553,5909,16.251.449,195.71,36230336,20615
2026-08-11,Instagram,IG-Brand-Awareness,275895,4852,13.349.330,126.5,24450848,17386
2026-08-11,TikTok,TT-Spark-Ads-KOL,483630,11568,22.169.133,181.09,24397183,12318
2026-08-11,TikTok,TT-Non-Branded-UGC,783814,20206,36.108.694,408.77,61998199,35534
2026-08-11,TikTok,TT-Live-Shopping,518318,14783,25.433.362,305.96,48149371,18672
2026-08-11,Google Ads,GAD-Search-Brand,56201,1977,13.784.026,78.21,18013644,3629
2026-08-11,Google Ads,GAD-Search-NonBrand,117267,3410,21.176.636,135.57,39291209,3797
2026-08-11,Google Ads,GAD-PMax-Catalog,212535,7670,46.938.076,253.22,65700771,4460
2026-08-11,YouTube,YT-Instream-Skippable,75659,823,2.213.687,12.24,2425644,4146
2026-08-11,YouTube,YT-Shorts-Bumper,129585,1171,2.871.202,15.81,3762046,3240
2026-08-11,Email,EM-Newsletter-Mingguan,62003,2855,3.261.443,170.48,43582041,2366
2026-08-11,Email,EM-Abandoned-Cart,49217,2579,3.410.177,155.56,38736112,1691
2026-08-11,Email,EM-Winback-90d,26242,1160,1.493.212,51.71,10948762,1633
2026-08-11,Marketplace,MP-Flash-Sale,127313,2211,2.633.283,168.47,24112437,7611
2026-08-11,Marketplace,MP-Sponsored-Product,315942,7442,9.037.320,470.62,67111682,12674
2026-08-11,Marketplace,MP-Affiliate-KOL,324866,7541,7.742.422,409.91,69646483,20511
2026-08-12,Instagram,IG-Prospecting-Video,345172,7566,23.973.833,227.84,49653685,16097
2026-08-12,Instagram,IG-Retargeting-Carousel,440924,7941,26.377.037,219.13,41868795,16849
2026-08-12,Instagram,IG-Brand-Awareness,166548,3310,10.385.173,78.75,14007636,10244
2026-08-12,TikTok,TT-Spark-Ads-KOL,238804,5531,10.391.144,126.42,15681638,11955
2026-08-12,TikTok,TT-Non-Branded-UGC,463208,9747,19.266.941,163.91,21905530,22230
2026-08-12,TikTok,TT-Live-Shopping,591790,11573,18.558.656,184.18,22863888,35612
2026-08-12,Google Ads,GAD-Search-Brand,184516,6527,42.242.456,350.89,80588140,11621
2026-08-12,Google Ads,GAD-Search-NonBrand,82912,2948,18.625.831,154.18,40377414,4384
2026-08-12,Google Ads,GAD-PMax-Catalog,94405,3189,18.315.576,110.81,32876622,6292
2026-08-12,YouTube,YT-Instream-Skippable,114124,1279,2.841.460,22.61,5505165,3641
2026-08-12,YouTube,YT-Shorts-Bumper,56319,498,1.156.892,7.48,1745943,1791
2026-08-12,Email,EM-Newsletter-Mingguan,42208,1689,1.990.329,110.57,24919178,2088
2026-08-12,Email,EM-Abandoned-Cart,50708,2751,3.225.998,129.66,33886435,3457
2026-08-12,Email,EM-Winback-90d,92792,4035,5.308.210,235.31,48420380,6341
2026-08-12,Marketplace,MP-Flash-Sale,366403,8194,10.394.970,664.66,116011405,11719
2026-08-12,Marketplace,MP-Sponsored-Product,285525,7096,9.312.408,431.22,59668611,18087
2026-08-12,Marketplace,MP-Affiliate-KOL,402967,9849,13.514.149,609.02,88680439,9878
2026-08-13,Instagram,IG-Prospecting-Video,451781,7390,26.597.465,238.17,47189509,28902
2026-08-13,Instagram,IG-Retargeting-Carousel,457838,6891,24.188.548,219.75,47937497,19941
2026-08-13,Instagram,IG-Brand-Awareness,350947,7057,24.752.199,226.09,47621804,19275
2026-08-13,TikTok,TT-Spark-Ads-KOL,592968,14813,28.564.526,336.99,44867032,12670
2026-08-13,TikTok,TT-Non-Branded-UGC,274476,6930,11.112.786,156.05,20396782,14112
2026-08-13,TikTok,TT-Live-Shopping,400597,8298,17.041.772,163.03,24548310,23298
2026-08-13,Google Ads,GAD-Search-Brand,268971,9314,60.149.008,362.12,107461374,8885
2026-08-13,Google Ads,GAD-Search-NonBrand,241633,8388,53.124.065,302.72,74124173,15421
2026-08-13,Google Ads,GAD-PMax-Catalog,312062,8608,63.052.830,459.67,132613762,16019
2026-08-13,YouTube,YT-Instream-Skippable,177666,1484,3.207.922,23.6,4907613,7363
2026-08-13,YouTube,YT-Shorts-Bumper,58418,526,1.116.733,9.35,2163555,2439
2026-08-13,Email,EM-Newsletter-Mingguan,81700,4019,5.132.036,167.09,36761836,5155
2026-08-13,Email,EM-Abandoned-Cart,67872,3115,4.137.360,130.52,33204568,4735
2026-08-13,Email,EM-Winback-90d,41179,1832,1.965.269,91.08,20801546,1363
2026-08-13,Marketplace,MP-Flash-Sale,382605,7616,9.024.173,548.99,72636649,10200
2026-08-13,Marketplace,MP-Sponsored-Product,238857,5391,6.873.625,394.13,67664869,7837
2026-08-13,Marketplace,MP-Affiliate-KOL,116002,2273,3.061.880,127.9,23767418,7768
2026-08-14,Instagram,IG-Prospecting-Video,588702,11972,35.480.404,241.25,47617019,20678
2026-08-14,Instagram,IG-Retargeting-Carousel,291834,6410,21.006.444,176.28,30690847,13187
2026-08-14,Instagram,IG-Brand-Awareness,626733,9887,31.928.696,237.67,39555971,16196
2026-08-14,TikTok,TT-Spark-Ads-KOL,223739,6168,11.927.960,141.7,21962905,7640
2026-08-14,TikTok,TT-Non-Branded-UGC,975387,25859,43.934.257,439.76,67476898,34897
2026-08-14,TikTok,TT-Live-Shopping,1131253,23363,44.039.026,541.18,80677992,25635
2026-08-14,Google Ads,GAD-Search-Brand,85988,2171,14.981.691,81.43,21882535,5999
2026-08-14,Google Ads,GAD-Search-NonBrand,226418,6616,42.813.846,316.77,86808520,14104
2026-08-14,Google Ads,GAD-PMax-Catalog,222720,5782,33.981.735,298.08,72609079,10120
2026-08-14,YouTube,YT-Instream-Skippable,80223,788,2.159.419,11.82,2566468,3894
2026-08-14,YouTube,YT-Shorts-Bumper,75308,792,2.122.203,12.45,2245550,4072
2026-08-14,Email,EM-Newsletter-Mingguan,63945,3048,4.027.061,197.9,42927312,1538
2026-08-14,Email,EM-Abandoned-Cart,81361,3674,4.533.169,238.96,48863828,5572
2026-08-14,Email,EM-Winback-90d,75286,3221,4.136.413,189.28,53833956,3648
2026-08-14,Marketplace,MP-Flash-Sale,153304,3404,3.540.516,202.14,27407017,10363
2026-08-14,Marketplace,MP-Sponsored-Product,238328,4360,5.806.075,357.41,48818125,14923
2026-08-14,Marketplace,MP-Affiliate-KOL,181308,3480,4.368.933,259.22,35848323,8076
2026-08-15,Instagram,IG-Prospecting-Video,462262,7902,22.490.083,231.5,46378489,28477
2026-08-15,Instagram,IG-Retargeting-Carousel,462025,9865,32.165.778,259.58,47930483,26716
2026-08-15,Instagram,IG-Brand-Awareness,666156,11999,33.103.261,307.08,55083488,28762
2026-08-15,TikTok,TT-Spark-Ads-KOL,561112,11609,21.707.741,225.51,30768753,19378
2026-08-15,TikTok,TT-Non-Branded-UGC,861522,20491,32.765.803,323.82,49841027,53481
2026-08-15,TikTok,TT-Live-Shopping,780096,15335,23.836.392,230.79,27042519,32176
2026-08-15,Google Ads,GAD-Search-Brand,112860,3594,21.645.893,134.27,31615381,5098
2026-08-15,Google Ads,GAD-Search-NonBrand,118867,3213,20.211.039,114.72,27028810,7588
2026-08-15,Google Ads,GAD-PMax-Catalog,170907,5203,35.073.957,244.44,61761356,11679
2026-08-15,YouTube,YT-Instream-Skippable,167862,1394,3.449.571,22.65,5494653,4250
2026-08-15,YouTube,YT-Shorts-Bumper,109709,882,2.103.290,10.43,2392643,6960
2026-08-15,Email,EM-Newsletter-Mingguan,114713,5249,7.194.047,291.83,68375357,6159
2026-08-15,Email,EM-Abandoned-Cart,82787,3508,3.595.271,146.47,31257417,1721
2026-08-15,Email,EM-Winback-90d,125432,5099,6.393.395,287.8,69245284,6435
2026-08-15,Marketplace,MP-Flash-Sale,461236,8915,10.614.088,573.32,76213907,13055
2026-08-15,Marketplace,MP-Sponsored-Product,222763,5546,7.373.565,358.25,58573713,6698
2026-08-15,Marketplace,MP-Affiliate-KOL,460690,7937,9.896.597,383.16,65303892,31776
2026-08-16,Instagram,IG-Prospecting-Video,722964,13888,41.650.805,380.89,71917538,32031
2026-08-16,Instagram,IG-Retargeting-Carousel,533699,10579,33.730.105,329.84,67122685,24772
2026-08-16,Instagram,IG-Brand-Awareness,385333,5884,18.360.821,189.87,35675675,17240
2026-08-16,TikTok,TT-Spark-Ads-KOL,1228382,31810,53.617.155,460.21,55722572,45686
2026-08-16,TikTok,TT-Non-Branded-UGC,487007,13601,25.231.086,242.01,36573414,25737
2026-08-16,TikTok,TT-Live-Shopping,401123,10441,20.671.650,253.51,36326734,22755
2026-08-16,Google Ads,GAD-Search-Brand,345358,12182,74.012.398,558.7,166537387,18426
2026-08-16,Google Ads,GAD-Search-NonBrand,104525,3377,21.399.292,114.26,36678510,3677
2026-08-16,Google Ads,GAD-PMax-Catalog,117704,2946,18.324.847,152.72,37062310,7227
2026-08-16,YouTube,YT-Instream-Skippable,160790,1261,3.132.897,17.42,3264062,5017
2026-08-16,YouTube,YT-Shorts-Bumper,82845,741,1.981.139,8.05,1595546,2283
2026-08-16,Email,EM-Newsletter-Mingguan,86588,4253,5.756.940,246.95,59461109,3711
2026-08-16,Email,EM-Abandoned-Cart,85699,3321,4.322.123,183.89,52147005,5243
2026-08-16,Email,EM-Winback-90d,24146,1168,1.575.020,73.24,15906203,836
2026-08-16,Marketplace,MP-Flash-Sale,352685,8095,10.143.068,416.87,62489857,9483
2026-08-16,Marketplace,MP-Sponsored-Product,540409,10966,12.153.933,823.23,144596878,20031
2026-08-16,Marketplace,MP-Affiliate-KOL,326007,6497,7.470.246,484.47,81306870,8991
2026-08-17,Instagram,IG-Prospecting-Video,465617,7677,23.929.341,237.73,43683831,19993
2026-08-17,Instagram,IG-Retargeting-Carousel,580996,10154,29.038.408,202.33,31946319,35041
2026-08-17,Instagram,IG-Brand-Awareness,483000,8274,23.809.295,277.51,44743073,27994
2026-08-17,TikTok,TT-Spark-Ads-KOL,833341,23220,43.446.762,344.92,50067341,44182
2026-08-17,TikTok,TT-Non-Branded-UGC,624083,14391,26.320.193,307.46,38820136,35657
2026-08-17,TikTok,TT-Live-Shopping,826672,18092,36.674.190,357.61,51693108,34976
2026-08-17,Google Ads,GAD-Search-Brand,111077,3841,26.442.353,178.82,55625460,6562
2026-08-17,Google Ads,GAD-Search-NonBrand,138058,3940,24.338.580,127.48,37709129,7870
2026-08-17,Google Ads,GAD-PMax-Catalog,107380,3041,20.074.158,102.31,28310615,6212
2026-08-17,YouTube,YT-Instream-Skippable,46586,495,1.095.964,7.46,1755347,2624
2026-08-17,YouTube,YT-Shorts-Bumper,140458,1099,2.739.277,14.7,3007383,3144
2026-08-17,Email,EM-Newsletter-Mingguan,55875,2363,2.795.191,139.2,39889620,3368
2026-08-17,Email,EM-Abandoned-Cart,90328,4810,5.830.243,268.71,68258275,3389
2026-08-17,Email,EM-Winback-90d,42970,2147,2.741.450,122.59,30359903,1391
2026-08-17,Marketplace,MP-Flash-Sale,240191,5695,6.010.201,345.8,58910047,14753
2026-08-17,Marketplace,MP-Sponsored-Product,116049,2816,3.324.340,182.36,27679396,5375
2026-08-17,Marketplace,MP-Affiliate-KOL,336696,6773,8.124.782,387.97,60027447,14143
2026-08-18,Instagram,IG-Prospecting-Video,563245,12393,35.425.262,387.65,64148508,31293
2026-08-18,Instagram,IG-Retargeting-Carousel,202767,4296,12.562.859,91.03,17104554,11624
2026-08-18,Instagram,IG-Brand-Awareness,544612,11896,37.024.326,334.32,55187950,26462
2026-08-18,TikTok,TT-Spark-Ads-KOL,236108,5375,9.104.394,132.26,17809368,14063
2026-08-18,TikTok,TT-Non-Branded-UGC,369106,7259,14.591.707,171.28,20923671,22499
2026-08-18,TikTok,TT-Live-Shopping,567108,12787,22.446.761,298.52,41396733,27385
2026-08-18,Google Ads,GAD-Search-Brand,296735,9108,61.077.064,438.38,131193250,13424
2026-08-18,Google Ads,GAD-Search-NonBrand,165487,5026,30.953.435,258.88,78394889,8808
2026-08-18,Google Ads,GAD-PMax-Catalog,141663,4208,31.109.382,185.13,57628609,8046
2026-08-18,YouTube,YT-Instream-Skippable,135105,1390,3.632.088,20.72,4774749,6492
2026-08-18,YouTube,YT-Shorts-Bumper,52627,438,1.076.544,6.69,1220625,2553
2026-08-18,Email,EM-Newsletter-Mingguan,32071,1709,2.319.806,71.16,15590003,672
2026-08-18,Email,EM-Abandoned-Cart,67372,3354,3.957.470,211.8,57563680,3392
2026-08-18,Email,EM-Winback-90d,39488,2079,2.448.162,80.89,19322126,2487
2026-08-18,Marketplace,MP-Flash-Sale,211055,3749,4.050.908,193.06,26944128,6918
2026-08-18,Marketplace,MP-Sponsored-Product,132135,2672,3.316.409,144.16,21537748,2822
2026-08-18,Marketplace,MP-Affiliate-KOL,124670,2430,2.761.783,151.93,23111351,7653
2026-08-19,Instagram,IG-Prospecting-Video,166098,3383,10.801.893,94.31,19424948,6520
2026-08-19,Instagram,IG-Retargeting-Carousel,154253,2814,8.960.531,71.24,13082511,4888
2026-08-19,Instagram,IG-Brand-Awareness,502057,11010,32.550.577,320.98,62003522,29752
2026-08-19,TikTok,TT-Spark-Ads-KOL,487630,9755,15.997.384,203.83,31984199,18854
2026-08-19,TikTok,TT-Non-Branded-UGC,1211094,29503,59.660.472,551.06,73329433,24283
2026-08-19,TikTok,TT-Live-Shopping,720850,15842,24.242.851,386.67,60061416,31796
2026-08-19,Google Ads,GAD-Search-Brand,225316,6650,44.939.071,263.46,74475880,10256
2026-08-19,Google Ads,GAD-Search-NonBrand,79705,2533,15.948.734,97.39,23308583,2151
2026-08-19,Google Ads,GAD-PMax-Catalog,176050,5309,39.244.039,242.1,62378192,9525
2026-08-19,YouTube,YT-Instream-Skippable,73243,766,1.698.579,10.72,2686845,2716
2026-08-19,YouTube,YT-Shorts-Bumper,98800,757,1.896.208,11.98,2139985,4330
2026-08-19,Email,EM-Newsletter-Mingguan,87401,3881,4.940.981,245.9,65911699,4100
2026-08-19,Email,EM-Abandoned-Cart,78273,2992,3.948.245,117.05,30480527,4196
2026-08-19,Email,EM-Winback-90d,48788,2538,2.750.863,122.57,32911646,2676
2026-08-19,Marketplace,MP-Flash-Sale,109688,2705,2.975.267,172.2,22871745,3736
2026-08-19,Marketplace,MP-Sponsored-Product,448037,7866,8.881.411,547.39,93435144,14209
2026-08-19,Marketplace,MP-Affiliate-KOL,288170,5521,7.036.385,440.78,63072253,8589
2026-08-20,Instagram,IG-Prospecting-Video,500485,10629,33.951.628,293.77,56690298,26522
2026-08-20,Instagram,IG-Retargeting-Carousel,424696,8062,22.920.031,164.74,26598556,14007
2026-08-20,Instagram,IG-Brand-Awareness,361299,6746,19.590.832,207.0,41638126,25146
2026-08-20,TikTok,TT-Spark-Ads-KOL,865955,18729,33.246.052,376.51,58558974,45071
2026-08-20,TikTok,TT-Non-Branded-UGC,903610,25493,52.702.591,478.5,59745955,48803
2026-08-20,TikTok,TT-Live-Shopping,622499,16488,27.225.741,387.23,48419486,25524
2026-08-20,Google Ads,GAD-Search-Brand,137315,3737,24.812.426,124.77,28719640,7809
2026-08-20,Google Ads,GAD-Search-NonBrand,281678,7246,42.355.931,270.08,69397349,14450
2026-08-20,Google Ads,GAD-PMax-Catalog,84928,2957,19.949.934,133.63,34630519,2762
2026-08-20,YouTube,YT-Instream-Skippable,44976,400,912.221,4.37,1034721,3021
2026-08-20,YouTube,YT-Shorts-Bumper,142684,1499,3.682.028,22.95,4241356,3287
2026-08-20,Email,EM-Newsletter-Mingguan,20027,1049,1.118.554,42.05,11825580,843
2026-08-20,Email,EM-Abandoned-Cart,42109,1601,1.954.863,91.64,20965519,1645
2026-08-20,Email,EM-Winback-90d,28199,1159,1.457.043,63.81,13073359,1105
2026-08-20,Marketplace,MP-Flash-Sale,484369,10657,14.467.005,638.93,111316243,20684
2026-08-20,Marketplace,MP-Sponsored-Product,213224,3766,3.932.981,259.67,45332469,6329
2026-08-20,Marketplace,MP-Affiliate-KOL,354221,6713,8.599.062,421.74,65736569,11391
2026-08-21,Instagram,IG-Prospecting-Video,430595,7366,26.821.852,189.54,39064223,15312
2026-08-21,Instagram,IG-Retargeting-Carousel,608620,9671,29.490.126,231.28,41892911,12418
2026-08-21,Instagram,IG-Brand-Awareness,437205,6656,23.441.135,178.06,37900417,17970
2026-08-21,TikTok,TT-Spark-Ads-KOL,375289,10479,17.965.020,235.31,33662155,20543
2026-08-21,TikTok,TT-Non-Branded-UGC,1167916,26137,53.581.858,530.43,74612425,47808
2026-08-21,TikTok,TT-Live-Shopping,384466,10295,16.970.334,151.24,16994526,11977
2026-08-21,Google Ads,GAD-Search-Brand,122149,3391,25.036.654,164.37,42555837,6963
2026-08-21,Google Ads,GAD-Search-NonBrand,98498,3652,20.701.093,145.64,33586105,2537
2026-08-21,Google Ads,GAD-PMax-Catalog,116545,3737,20.965.249,183.79,42378137,3484
2026-08-21,YouTube,YT-Instream-Skippable,66526,687,1.676.530,9.02,1727525,1402
2026-08-21,YouTube,YT-Shorts-Bumper,167406,1286,2.973.465,20.21,4776108,4277
2026-08-21,Email,EM-Newsletter-Mingguan,78927,3253,4.092.401,198.31,56132564,5435
2026-08-21,Email,EM-Abandoned-Cart,101465,5374,5.760.733,215.4,60664071,6062
2026-08-21,Email,EM-Winback-90d,31181,1362,1.868.494,75.01,16843042,696
2026-08-21,Marketplace,MP-Flash-Sale,317758,6768,7.701.288,512.94,69061852,18996
2026-08-21,Marketplace,MP-Sponsored-Product,519561,12955,14.189.884,1025.79,139678153,22618
2026-08-21,Marketplace,MP-Affiliate-KOL,317875,6698,8.387.883,498.67,79473617,14282
2026-08-22,Instagram,IG-Prospecting-Video,424688,7460,25.417.661,219.57,41561883,14192
2026-08-22,Instagram,IG-Retargeting-Carousel,477703,9134,26.770.541,182.9,31165413,30171
2026-08-22,Instagram,IG-Brand-Awareness,382947,8186,29.617.733,226.51,41106016,18201
2026-08-22,TikTok,TT-Spark-Ads-KOL,403660,9473,17.480.506,169.79,22699997,20609
2026-08-22,TikTok,TT-Non-Branded-UGC,805529,18629,31.690.835,422.07,54812333,23343
2026-08-22,TikTok,TT-Live-Shopping,621668,14079,27.947.091,212.75,28911219,32440
2026-08-22,Google Ads,GAD-Search-Brand,364829,9493,53.157.222,314.67,77595068,10884
2026-08-22,Google Ads,GAD-Search-NonBrand,167067,5833,35.347.944,275.83,81091506,11678
2026-08-22,Google Ads,GAD-PMax-Catalog,414257,14074,77.992.309,739.95,189345805,25317
2026-08-22,YouTube,YT-Instream-Skippable,170906,1562,3.924.480,23.38,4984942,7799
2026-08-22,YouTube,YT-Shorts-Bumper,151466,1380,3.559.368,16.9,3606078,6936
2026-08-22,Email,EM-Newsletter-Mingguan,104086,5214,6.804.879,266.92,61471741,3059
2026-08-22,Email,EM-Abandoned-Cart,100513,4086,4.989.755,207.89,48951932,4913
2026-08-22,Email,EM-Winback-90d,41844,1547,2.043.000,94.36,21942554,1714
2026-08-22,Marketplace,MP-Flash-Sale,481034,11228,12.770.182,751.39,99943524,28510
2026-08-22,Marketplace,MP-Sponsored-Product,543823,13488,16.816.047,804.22,132264195,27404
2026-08-22,Marketplace,MP-Affiliate-KOL,695012,12868,15.601.821,794.63,112811059,17675
2026-08-23,Instagram,IG-Prospecting-Video,512611,10981,30.967.076,228.76,44163148,11074
2026-08-23,Instagram,IG-Retargeting-Carousel,593299,9600,34.988.722,196.75,34554588,18779
2026-08-23,Instagram,IG-Brand-Awareness,488095,7431,21.439.028,200.01,42586234,19789
2026-08-23,TikTok,TT-Spark-Ads-KOL,437030,10642,16.676.886,204.83,32019792,27657
2026-08-23,TikTok,TT-Non-Branded-UGC,425743,9941,17.757.933,215.38,30172395,28507
2026-08-23,TikTok,TT-Live-Shopping,1018232,26244,40.259.338,449.52,53399854,23621
2026-08-23,Google Ads,GAD-Search-Brand,223870,7012,50.761.720,368.31,99800845,10926
2026-08-23,Google Ads,GAD-Search-NonBrand,279821,9996,68.881.423,420.26,123787437,9758
2026-08-23,Google Ads,GAD-PMax-Catalog,295328,7965,57.987.922,296.75,88010475,12667
2026-08-23,YouTube,YT-Instream-Skippable,176185,1720,4.679.121,23.27,4563289,11193
2026-08-23,YouTube,YT-Shorts-Bumper,96050,837,2.126.916,14.69,3401101,2964
2026-08-23,Email,EM-Newsletter-Mingguan,81238,3816,3.997.351,252.49,53740245,4738
2026-08-23,Email,EM-Abandoned-Cart,52970,2196,2.604.905,115.15,24199093,2899
2026-08-23,Email,EM-Winback-90d,88144,356,5.178.575,277.25,56809451,2268
2026-08-23,Marketplace,MP-Flash-Sale,585390,13516,14.118.354,879.4,142024931,18800
2026-08-23,Marketplace,MP-Sponsored-Product,558416,13230,14.306.812,1026.93,136304899,13975
2026-08-23,Marketplace,MP-Affiliate-KOL,301111,6047,7.830.529,306.78,51692296,8333
2026-08-24,Instagram,IG-Prospecting-Video,275779,4152,12.154.554,121.04,24493891,17050
2026-08-24,Instagram,IG-Retargeting-Carousel,554642,11149,34.506.425,360.42,63871464,12546
2026-08-24,Instagram,IG-Brand-Awareness,148288,3036,9.351.228,99.54,17190331,3643
2026-08-24,TikTok,TT-Spark-Ads-KOL,765166,17168,32.467.746,279.11,34160223,49058
2026-08-24,TikTok,TT-Non-Branded-UGC,1121338,23337,40.943.868,373.29,43740151,40769
2026-08-24,TikTok,TT-Live-Shopping,694673,14719,29.982.825,293.07,34517703,21319
2026-08-24,Google Ads,GAD-Search-Brand,130661,3892,24.456.532,151.03,40903068,3044
2026-08-24,Google Ads,GAD-Search-NonBrand,269746,7924,47.156.491,261.93,67075124,13472
2026-08-24,Google Ads,GAD-PMax-Catalog,253107,7960,57.178.940,432.87,105568973,17199
2026-08-24,YouTube,YT-Instream-Skippable,134651,1380,3.780.335,21.69,4977051,4929
2026-08-24,YouTube,YT-Shorts-Bumper,135937,1197,2.858.283,20.42,4148632,6855
2026-08-24,Email,EM-Newsletter-Mingguan,57854,2811,3.461.664,125.85,36120627,1830
2026-08-24,Email,EM-Abandoned-Cart,71562,3040,3.929.740,179.21,45889323,1646
2026-08-24,Email,EM-Winback-90d,42248,1673,1.728.918,73.57,20714202,2108
2026-08-24,Marketplace,MP-Flash-Sale,547372,10707,13.402.104,618.77,107050843,25203
2026-08-24,Marketplace,MP-Sponsored-Product,544629,10469,13.870.898,511.26,76547123,17489
2026-08-24,Marketplace,MP-Affiliate-KOL,384987,8618,10.923.280,489.02,83515879,19405
2026-08-25,Instagram,IG-Prospecting-Video,404773,7316,26.007.690,143.29,23181265,11991
2026-08-25,Instagram,IG-Retargeting-Carousel,522349,8520,28.022.154,177.32,37427803,34784
2026-08-25,Instagram,IG-Brand-Awareness,285451,5756,19.644.432,137.88,23868424,8227
2026-08-25,TikTok,TT-Spark-Ads-KOL,617365,14510,24.330.733,303.15,44955418,14817
2026-08-25,TikTok,TT-Non-Branded-UGC,1538547,32018,57.723.922,603.94,88267445,89261
2026-08-25,TikTok,TT-Live-Shopping,1548941,30034,59.803.674,547.7,80653815,102349
2026-08-25,Google Ads,GAD-Search-Brand,242171,8188,52.641.053,306.58,82884226,9386
2026-08-25,Google Ads,GAD-Search-NonBrand,237039,6280,36.593.183,265.9,65302726,4893
2026-08-25,Google Ads,GAD-PMax-Catalog,266643,8238,60.617.435,435.64,138895141,10308
2026-08-25,YouTube,YT-Instream-Skippable,142498,1402,2.898.349,19.13,4710018,5592
2026-08-25,YouTube,YT-Shorts-Bumper,132726,1229,3.314.502,15.32,3547229,6036
2026-08-25,Email,EM-Newsletter-Mingguan,77379,3839,5.196.462,216.94,57662298,2485
2026-08-25,Email,EM-Abandoned-Cart,32538,1575,2.002.131,90.13,23273524,1076
2026-08-25,Email,EM-Winback-90d,73825,3062,4.172.625,168.85,46380543,1522
2026-08-25,Marketplace,MP-Flash-Sale,618510,15155,18.655.613,939.55,169710815,28406
2026-08-25,Marketplace,MP-Sponsored-Product,252793,6009,6.782.790,341.91,62995884,13379
2026-08-25,Marketplace,MP-Affiliate-KOL,343745,6963,8.926.783,549.06,74985934,17809
2026-08-26,Instagram,IG-Prospecting-Video,658908,10448,37.745.590,315.59,57759152,23329
2026-08-26,Instagram,IG-Retargeting-Carousel,933349,13824,46.843.707,283.38,54194731,49212
2026-08-26,Instagram,IG-Brand-Awareness,589655,10362,30.153.473,306.37,51787188,39757
2026-08-26,TikTok,TT-Spark-Ads-KOL,1047183,21972,35.785.433,326.65,48106217,34523
2026-08-26,TikTok,TT-Non-Branded-UGC,1477840,37268,74.494.833,774.24,92812344,51216
2026-08-26,TikTok,TT-Live-Shopping,777896,17491,31.274.545,356.29,51049955,19479
2026-08-26,Google Ads,GAD-Search-Brand,116552,2901,21.614.394,130.41,30891943,5375
2026-08-26,Google Ads,GAD-Search-NonBrand,92965,3443,25.282.221,169.02,46004906,3426
2026-08-26,Google Ads,GAD-PMax-Catalog,214354,7682,54.679.220,419.34,132537992,11415
2026-08-26,YouTube,YT-Instream-Skippable,97574,874,1.845.101,11.39,2416481,5358
2026-08-26,YouTube,YT-Shorts-Bumper,202740,1648,4.392.531,24.94,4963892,11143
2026-08-26,Email,EM-Newsletter-Mingguan,98725,4756,5.665.154,269.83,64410266,2902
2026-08-26,Email,EM-Abandoned-Cart,139693,7229,8.311.492,279.9,58174985,8434
2026-08-26,Email,EM-Winback-90d,55853,2679,3.323.358,132.54,27944356,2312
2026-08-26,Marketplace,MP-Flash-Sale,790638,19837,26.697.917,1550.65,266067109,27430
2026-08-26,Marketplace,MP-Sponsored-Product,231742,4906,6.516.861,334.22,53183704,6116
2026-08-26,Marketplace,MP-Affiliate-KOL,564455,12674,16.918.964,853.17,120183265,23885
2026-08-27,Instagram,IG-Prospecting-Video,275111,4562,15.707.789,102.77,20550254,6732
2026-08-27,Instagram,IG-Retargeting-Carousel,510269,8157,29.255.510,267.42,55321133,15828
2026-08-27,Instagram,IG-Brand-Awareness,351849,7544,21.503.451,160.39,30773103,19799
2026-08-27,TikTok,TT-Spark-Ads-KOL,511953,14115,27.436.800,338.57,47384019,26724
2026-08-27,TikTok,TT-Non-Branded-UGC,923838,24265,45.539.316,442.55,61143211,58024
2026-08-27,TikTok,TT-Live-Shopping,1283795,26075,41.149.364,395.46,57900527,85835
2026-08-27,Google Ads,GAD-Search-Brand,281823,8274,61.109.383,423.74,119459559,5660
2026-08-27,Google Ads,GAD-Search-NonBrand,108937,3846,23.646.030,208.2,54556131,5879
2026-08-27,Google Ads,GAD-PMax-Catalog,346160,11167,70.306.698,409.07,113840442,14895
2026-08-27,YouTube,YT-Instream-Skippable,86447,932,2.207.186,13.37,2978346,2359
2026-08-27,YouTube,YT-Shorts-Bumper,185730,1908,4.315.944,28.83,7244105,4861
2026-08-27,Email,EM-Newsletter-Mingguan,130076,5932,7.107.223,364.76,95985267,5052
2026-08-27,Email,EM-Abandoned-Cart,112394,5848,7.507.689,258.24,70261724,6184
2026-08-27,Email,EM-Winback-90d,35103,1407,1.634.092,73.08,20951175,1859
2026-08-27,Marketplace,MP-Flash-Sale,756732,16196,20.472.604,969.77,179868133,43804
2026-08-27,Marketplace,MP-Sponsored-Product,384510,7374,8.039.330,534.7,95285064,15261
2026-08-27,Marketplace,MP-Affiliate-KOL,252510,5473,7.257.089,417.82,71131144,10827
2026-08-28,Instagram,IG-Prospecting-Video,189218,3775,10.792.565,89.32,15307765,10865
2026-08-28,Instagram,IG-Retargeting-Carousel,413815,8348,28.141.035,231.5,51219396,11330
2026-08-28,Instagram,IG-Brand-Awareness,593878,12488,35.119.512,408.88,90088308,17212
2026-08-28,TikTok,TT-Spark-Ads-KOL,377782,9611,19.737.919,196.56,27747151,15187
2026-08-28,TikTok,TT-Non-Branded-UGC,275448,6581,13.460.530,141.09,20084920,10679
2026-08-28,TikTok,TT-Live-Shopping,1056872,26973,53.866.782,603.59,85857050,35681
2026-08-28,Google Ads,GAD-Search-Brand,210777,5541,35.899.326,185.12,53782046,9588
2026-08-28,Google Ads,GAD-Search-NonBrand,72560,2315,16.153.057,87.55,26466949,2108
2026-08-28,Google Ads,GAD-PMax-Catalog,190366,5745,32.853.731,256.79,60026182,12458
2026-08-28,YouTube,YT-Instream-Skippable,125521,1342,3.274.178,14.29,3114520,7608
2026-08-28,YouTube,YT-Shorts-Bumper,101613,998,2.603.734,15.96,2995270,5858
2026-08-28,Email,EM-Newsletter-Mingguan,100105,4017,4.357.171,221.14,55415927,6009
2026-08-28,Email,EM-Abandoned-Cart,24246,984,1.203.270,42.1,11599249,527
2026-08-28,Email,EM-Winback-90d,88774,3861,4.525.950,206.63,58559302,1776
2026-08-28,Marketplace,MP-Flash-Sale,285234,6037,7.589.675,456.09,71097793,13935
2026-08-28,Marketplace,MP-Sponsored-Product,418245,10491,12.733.081,633.58,90686374,10435
2026-08-28,Marketplace,MP-Affiliate-KOL,423974,7793,10.284.216,456.25,83809248,21244
2026-08-29,Instagram,IG-Prospecting-Video,297901,4692,13.097.698,133.25,23154051,11645
2026-08-29,Instagram,IG-Retargeting-Carousel,728148,11225,35.116.076,259.69,52514883,34074
2026-08-29,Instagram,IG-Brand-Awareness,238876,5295,15.381.095,156.01,28291572,12628
2026-08-29,TikTok,TT-Spark-Ads-KOL,1458471,33879,69.990.968,537.11,71024497,31059
2026-08-29,TikTok,TT-Non-Branded-UGC,955207,19483,35.577.838,300.02,34576816,49679
2026-08-29,TikTok,TT-Live-Shopping,768041,16761,27.687.952,391.03,44051717,29844
2026-08-29,Google Ads,GAD-Search-Brand,364746,9521,55.863.945,503.47,149086523,12886
2026-08-29,Google Ads,GAD-Search-NonBrand,334862,10501,75.738.515,500.69,139960673,16868
2026-08-29,Google Ads,GAD-PMax-Catalog,316649,11569,71.707.722,468.55,139314304,21659
2026-08-29,YouTube,YT-Instream-Skippable,141435,1532,3.265.016,21.7,3889446,6460
2026-08-29,YouTube,YT-Shorts-Bumper,63018,570,1.183.754,9.21,2134352,4331
2026-08-29,Email,EM-Newsletter-Mingguan,80790,3878,4.211.097,225.21,64600691,4841
2026-08-29,Email,EM-Abandoned-Cart,64546,2883,3.855.896,186.45,50784530,2276
2026-08-29,Email,EM-Winback-90d,118941,5267,5.542.920,247.65,52174145,6720
2026-08-29,Marketplace,MP-Flash-Sale,592806,10245,12.493.787,759.85,120427000,37772
2026-08-29,Marketplace,MP-Sponsored-Product,664940,14012,16.712.065,1033.04,164965408,46478
2026-08-29,Marketplace,MP-Affiliate-KOL,688414,13910,18.749.643,969.44,166952779,38350
2026-08-30,Instagram,IG-Prospecting-Video,686604,11403,41.423.802,342.85,72190953,43954
2026-08-30,Instagram,IG-Retargeting-Carousel,537614,10373,34.931.599,345.36,74030573,24825
2026-08-30,Instagram,IG-Brand-Awareness,272357,5723,20.798.323,153.63,28363103,10610
2026-08-30,TikTok,TT-Spark-Ads-KOL,724837,20277,36.927.317,341.87,50463539,18768
2026-08-30,TikTok,TT-Non-Branded-UGC,690080,14661,26.934.926,321.99,39362441,24319
2026-08-30,TikTok,TT-Live-Shopping,1652734,44834,79.806.223,655.48,92252091,73403
2026-08-30,Google Ads,GAD-Search-Brand,201912,5830,32.269.488,231.31,72005592,5918
2026-08-30,Google Ads,GAD-Search-NonBrand,165709,5121,33.427.064,171.32,41497734,4340
2026-08-30,Google Ads,GAD-PMax-Catalog,205396,6766,42.599.598,248.47,63577636,8507
2026-08-30,YouTube,YT-Instream-Skippable,86197,691,1.826.438,9.58,1824899,3248
2026-08-30,YouTube,YT-Shorts-Bumper,114299,1247,2.713.577,15.0,2721221,4541
2026-08-30,Email,EM-Newsletter-Mingguan,105513,4194,5.001.697,183.84,47775392,3513
2026-08-30,Email,EM-Abandoned-Cart,64060,3300,3.752.162,192.36,51591646,4106
2026-08-30,Email,EM-Winback-90d,80961,4235,4.487.288,208.19,44358243,1705
2026-08-30,Marketplace,MP-Flash-Sale,239228,5561,7.030.296,313.23,47081778,16464
2026-08-30,Marketplace,MP-Sponsored-Product,550926,10595,13.709.322,689.79,100151442,15219
2026-08-30,Marketplace,MP-Affiliate-KOL,398421,9260,12.758.982,726.12,105409887,24316
2026-08-31,Instagram,IG-Prospecting-Video,256953,5343,17.109.566,157.76,26658482,17891
2026-08-31,Instagram,IG-Retargeting-Carousel,459807,7586,20.912.340,162.27,35923231,30556
2026-08-31,Instagram,IG-Brand-Awareness,369745,5721,17.798.173,115.73,20494706,19103
2026-08-31,TikTok,TT-Spark-Ads-KOL,489902,11660,21.893.514,228.28,28821781,16393
2026-08-31,TikTok,TT-Non-Branded-UGC,540695,12551,19.526.019,220.81,25191900,12223
2026-08-31,TikTok,TT-Live-Shopping,941739,22349,35.410.193,530.65,64070388,63489
2026-08-31,Google Ads,GAD-Search-Brand,143104,3721,24.561.570,118.38,36539319,5232
2026-08-31,Google Ads,GAD-Search-NonBrand,233087,8032,50.193.990,351.11,101399021,7110
2026-08-31,Google Ads,GAD-PMax-Catalog,181048,4783,27.548.210,232.71,65814259,11878
2026-08-31,YouTube,YT-Instream-Skippable,109865,1129,2.364.374,19.9,4352274,4081
2026-08-31,YouTube,YT-Shorts-Bumper,156578,1310,2.714.095,21.03,4049847,7441
2026-08-31,Email,EM-Newsletter-Mingguan,42310,2221,3.045.690,141.47,39495881,1795
2026-08-31,Email,EM-Abandoned-Cart,80605,3067,4.156.218,153.34,37772398,1700
2026-08-31,Email,EM-Winback-90d,66217,2594,3.174.443,102.52,27755711,3621
2026-08-31,Marketplace,MP-Flash-Sale,429779,9692,13.275.842,762.12,107252921,24728
2026-08-31,Marketplace,MP-Sponsored-Product,318332,6420,6.973.634,369.5,51889482,9833
2026-08-31,Marketplace,MP-Affiliate-KOL,485142,11372,14.497.465,728.19,116682237,17063
2026-09-01,Instagram,IG-Prospecting-Video,365427,6901,19.074.057,151.46,26154055,8023
2026-09-01,Instagram,IG-Retargeting-Carousel,330236,7153,24.886.818,167.16,33238377,10716
2026-09-01,Instagram,IG-Brand-Awareness,765140,11332,37.406.381,277.28,50229098,18488
2026-09-01,TikTok,TT-Spark-Ads-KOL,1407264,36775,68.408.052,680.96,86617014,32175
2026-09-01,TikTok,TT-Non-Branded-UGC,1718335,36609,59.506.080,890.95,139957112,80537
2026-09-01,TikTok,TT-Live-Shopping,1946230,51951,100.405.706,798.08,103628946,102549
2026-09-01,Google Ads,GAD-Search-Brand,392853,12426,74.001.612,625.9,158361196,19282
2026-09-01,Google Ads,GAD-Search-NonBrand,386565,10333,71.723.018,380.79,99912321,25169
2026-09-01,Google Ads,GAD-PMax-Catalog,106380,2882,16.986.216,148.21,40581211,6008
2026-09-01,YouTube,YT-Instream-Skippable,137402,1129,2.624.339,13.4,2991302,3225
2026-09-01,YouTube,YT-Shorts-Bumper,56497,625,1.319.159,11.22,2438150,3183
2026-09-01,Email,EM-Newsletter-Mingguan,107432,4700,6.193.172,182.52,48940220,5611
2026-09-01,Email,EM-Abandoned-Cart,27584,1058,1.317.500,44.68,9165484,1884
2026-09-01,Email,EM-Winback-90d,101210,5095,6.495.007,243.26,53759927,4455
2026-09-01,Marketplace,MP-Flash-Sale,491129,8924,9.598.889,532.57,71779858,26817
2026-09-01,Marketplace,MP-Sponsored-Product,466675,11074,12.478.355,571.62,91174807,28852
2026-09-01,Marketplace,MP-Affiliate-KOL,285546,4855,5.209.410,306.02,51198159,8936
2026-09-02,Instagram,IG-Prospecting-Video,765667,16342,46.213.246,510.94,85954999,19530
2026-09-02,Instagram,IG-Retargeting-Carousel,302343,5274,14.944.775,149.28,32399092,19953
2026-09-02,Instagram,IG-Brand-Awareness,840808,13552,44.662.007,367.07,73869382,23131
2026-09-02,TikTok,TT-Spark-Ads-KOL,1251105,33841,53.675.250,605.43,93557165,66417
2026-09-02,TikTok,TT-Non-Branded-UGC,1921368,50010,76.574.751,752.56,116879262,52707
2026-09-02,TikTok,TT-Live-Shopping,1244863,28569,55.829.975,622.47,83599799,29087
2026-09-02,Google Ads,GAD-Search-Brand,326369,9221,68.832.544,309.73,75839217,12810
2026-09-02,Google Ads,GAD-Search-NonBrand,189576,6332,44.778.740,259.99,67357047,11395
2026-09-02,Google Ads,GAD-PMax-Catalog,277187,8313,54.583.455,357.33,99246503,16928
2026-09-02,YouTube,YT-Instream-Skippable,122294,1125,2.857.924,16.83,3928702,6745
2026-09-02,YouTube,YT-Shorts-Bumper,75385,858,2.094.379,9.12,2269454,4979
2026-09-02,Email,EM-Newsletter-Mingguan,30152,1580,2.078.096,98.88,22619275,820
2026-09-02,Email,EM-Abandoned-Cart,126382,6774,8.928.062,305.18,63688118,3398
2026-09-02,Email,EM-Winback-90d,127163,5563,7.606.379,216.89,51016624,7003
2026-09-02,Marketplace,MP-Flash-Sale,479270,11423,11.775.749,898.33,136154282,11478
2026-09-02,Marketplace,MP-Sponsored-Product,216963,5128,5.567.297,273.17,47008799,12455
2026-09-02,Marketplace,MP-Affiliate-KOL,545389,11048,14.376.578,661.48,112099283,18728
2026-09-03,Instagram,IG-Prospecting-Video,251926,3788,12.134.801,114.57,18095988,15527
2026-09-03,Instagram,IG-Retargeting-Carousel,559007,10566,38.061.564,331.36,62874575,31007
2026-09-03,Instagram,IG-Brand-Awareness,315461,6940,25.393.949,187.1,30937128,9651
2026-09-03,TikTok,TT-Spark-Ads-KOL,862935,18090,33.141.396,398.81,60254760,52491
2026-09-03,TikTok,TT-Non-Branded-UGC,744281,18877,30.561.252,432.18,64529917,38950
2026-09-03,TikTok,TT-Live-Shopping,432321,8623,17.136.333,177.24,20116177,14747
2026-09-03,Google Ads,GAD-Search-Brand,168182,5416,33.189.089,265.26,74153122,8732
2026-09-03,Google Ads,GAD-Search-NonBrand,68495,2528,16.747.573,112.62,34003643,1526
2026-09-03,Google Ads,GAD-PMax-Catalog,166764,4153,25.234.036,165.05,43761055,4960
2026-09-03,YouTube,YT-Instream-Skippable,148637,1680,3.544.348,26.72,5570382,8483
2026-09-03,YouTube,YT-Shorts-Bumper,55695,455,1.053.534,6.84,1514766,3487
2026-09-03,Email,EM-Newsletter-Mingguan,35017,1587,1.672.040,100.11,26463632,2249
2026-09-03,Email,EM-Abandoned-Cart,81109,4132,5.648.434,176.72,43716273,4577
2026-09-03,Email,EM-Winback-90d,75922,3271,3.735.486,197.17,46189172,4768
2026-09-03,Marketplace,MP-Flash-Sale,363031,8460,9.264.890,521.5,85975958,8622
2026-09-03,Marketplace,MP-Sponsored-Product,201142,4220,4.520.860,322.08,57643792,9525
2026-09-03,Marketplace,MP-Affiliate-KOL,618544,10844,12.286.096,556.46,101510692,17365
2026-09-04,Instagram,IG-Prospecting-Video,273308,4225,14.624.438,93.22,16216266,11933
2026-09-04,Instagram,IG-Retargeting-Carousel,312204,6123,17.383.210,131.7,25558898,6862
2026-09-04,Instagram,IG-Brand-Awareness,567457,11997,34.117.547,391.29,70821069,35320
2026-09-04,TikTok,TT-Spark-Ads-KOL,1276261,32863,54.943.866,642.04,98007251,69081
2026-09-04,TikTok,TT-Non-Branded-UGC,1025755,26992,53.267.261,453.69,51070038,64267
2026-09-04,TikTok,TT-Live-Shopping,539362,12423,21.611.875,186.5,24909051,13309
2026-09-04,Google Ads,GAD-Search-Brand,190887,6865,39.075.618,289.95,85952068,12574
2026-09-04,Google Ads,GAD-Search-NonBrand,322194,8787,53.986.833,343.53,110363653,14278
2026-09-04,Google Ads,GAD-PMax-Catalog,237639,6714,39.132.333,217.42,59112753,12360
2026-09-04,YouTube,YT-Instream-Skippable,66262,655,1.777.677,8.79,1803524,2750
2026-09-04,YouTube,YT-Shorts-Bumper,84208,918,2.323.928,16.37,3246356,4361
2026-09-04,Email,EM-Newsletter-Mingguan,21439,949,1.210.946,44.23,12259470,991
2026-09-04,Email,EM-Abandoned-Cart,61294,3192,4.292.361,130.38,30344157,3534
2026-09-04,Email,EM-Winback-90d,29447,1311,1.661.994,67.62,14706834,1615
2026-09-04,Marketplace,MP-Flash-Sale,306237,6146,8.001.237,297.15,48774846,7316
2026-09-04,Marketplace,MP-Sponsored-Product,447334,8732,11.857.852,722.28,124268250,25425
2026-09-04,Marketplace,MP-Affiliate-KOL,235091,4855,6.463.099,258.26,35617426,16103
2026-09-05,Instagram,IG-Prospecting-Video,458072,6792,23.902.249,176.2,29142269,19453
2026-09-05,Instagram,IG-Retargeting-Carousel,711151,11676,36.467.011,391.13,75335638,20129
2026-09-05,Instagram,IG-Brand-Awareness,411572,8992,29.437.218,300.29,47500293,24978
2026-09-05,TikTok,TT-Spark-Ads-KOL,467830,11237,21.436.609,262.03,37255634,20023
2026-09-05,TikTok,TT-Non-Branded-UGC,916419,22368,43.463.577,441.03,51793269,26384
2026-09-05,TikTok,TT-Live-Shopping,877864,21868,37.964.562,435.66,65890639,47780
2026-09-05,Google Ads,GAD-Search-Brand,206868,6722,48.370.184,355.38,114135478,12473
2026-09-05,Google Ads,GAD-Search-NonBrand,125365,4067,26.407.366,166.75,49744017,8319
2026-09-05,Google Ads,GAD-PMax-Catalog,115292,3690,22.474.327,119.02,31809486,3591
2026-09-05,YouTube,YT-Instream-Skippable,120047,1002,2.132.938,14.14,3529091,7887
2026-09-05,YouTube,YT-Shorts-Bumper,131865,1355,2.771.316,21.96,4524128,4114
2026-09-05,Email,EM-Newsletter-Mingguan,57695,2404,3.140.204,148.49,35465473,1851
2026-09-05,Email,EM-Abandoned-Cart,103723,3847,4.442.060,163.68,44620650,6327
2026-09-05,Email,EM-Winback-90d,74894,4078,4.514.467,269.54,77028438,2219
2026-09-05,Marketplace,MP-Flash-Sale,604557,14226,15.170.456,972.21,161646860,41635
2026-09-05,Marketplace,MP-Sponsored-Product,301443,6374,6.730.026,404.09,70802502,13629
2026-09-05,Marketplace,MP-Affiliate-KOL,587499,14030,15.625.340,983.27,159038840,39618
2026-09-06,Instagram,IG-Prospecting-Video,273944,4941,16.254.053,140.79,22392489,15171
2026-09-06,Instagram,IG-Retargeting-Carousel,681872,12021,34.204.439,362.03,67564019,35168
2026-09-06,Instagram,IG-Brand-Awareness,385091,8258,26.706.691,196.1,33950267,22721
2026-09-06,TikTok,TT-Spark-Ads-KOL,1669274,42615,86.716.084,729.71,103025703,86668
2026-09-06,TikTok,TT-Non-Branded-UGC,1049449,24775,39.338.278,507.32,63541740,67931
2026-09-06,TikTok,TT-Live-Shopping,524052,11880,20.683.368,273.36,36872725,11056
2026-09-06,Google Ads,GAD-Search-Brand,128002,3296,20.619.601,156.14,40160457,8373
2026-09-06,Google Ads,GAD-Search-NonBrand,303434,7563,50.153.990,269.46,76716785,6546
2026-09-06,Google Ads,GAD-PMax-Catalog,466451,14367,94.687.285,656.33,159263405,26627
2026-09-06,YouTube,YT-Instream-Skippable,184296,1421,3.423.246,15.18,2878896,11674
2026-09-06,YouTube,YT-Shorts-Bumper,60130,532,1.363.594,6.48,1605334,2007
2026-09-06,Email,EM-Newsletter-Mingguan,80130,3463,3.898.856,186.01,49590907,3589
2026-09-06,Email,EM-Abandoned-Cart,69145,2790,3.536.080,120.26,33496559,2355
2026-09-06,Email,EM-Winback-90d,62615,3187,4.162.192,149.77,42552103,2780
2026-09-06,Marketplace,MP-Flash-Sale,668413,15424,19.191.193,1183.31,194886953,27716
2026-09-06,Marketplace,MP-Sponsored-Product,476846,10545,11.391.115,530.03,70802028,21729
2026-09-06,Marketplace,MP-Affiliate-KOL,473233,11237,15.365.394,794.51,119858832,10173
2026-09-07,Instagram,IG-Prospecting-Video,224312,4633,12.923.794,114.04,22782907,8658
2026-09-07,Instagram,IG-Retargeting-Carousel,481281,8258,25.067.724,162.31,30414247,28762
2026-09-07,Instagram,IG-Brand-Awareness,633896,11190,36.102.155,314.51,51553403,21491
2026-09-07,TikTok,TT-Spark-Ads-KOL,1140645,31317,63.010.185,470.75,61990414,65941
2026-09-07,TikTok,TT-Non-Branded-UGC,628583,13258,23.855.309,300.15,47408390,25811
2026-09-07,TikTok,TT-Live-Shopping,398181,8895,16.377.234,162.33,20351533,20778
2026-09-07,Google Ads,GAD-Search-Brand,330181,11921,85.428.091,453.82,120526532,21393
2026-09-07,Google Ads,GAD-Search-NonBrand,247101,8104,46.276.196,268.27,81305802,13878
2026-09-07,Google Ads,GAD-PMax-Catalog,148628,4424,27.143.125,196.21,55967130,5896
2026-09-07,YouTube,YT-Instream-Skippable,128937,1396,2.969.323,25.05,5159741,6563
2026-09-07,YouTube,YT-Shorts-Bumper,34198,261,593.693,2.95,676737,1429
2026-09-07,Email,EM-Newsletter-Mingguan,28117,1502,2.019.591,72.97,20951160,1876
2026-09-07,Email,EM-Abandoned-Cart,74426,3814,5.190.506,157.73,33171646,2714
2026-09-07,Email,EM-Winback-90d,70358,2939,3.143.098,126.44,30687143,1851
2026-09-07,Marketplace,MP-Flash-Sale,580399,14079,16.455.385,1154.45,180079400,15159
2026-09-07,Marketplace,MP-Sponsored-Product,385731,8623,9.794.645,710.25,121735811,12070
2026-09-07,Marketplace,MP-Affiliate-KOL,233093,4078,5.441.096,275.92,46224163,13231
2026-09-08,Instagram,IG-Prospecting-Video,216163,4754,12.989.862,96.79,16575318,13170
2026-09-08,Instagram,IG-Retargeting-Carousel,210387,3439,11.094.749,96.09,20451261,12208
2026-09-08,Instagram,IG-Brand-Awareness,306145,4880,17.555.480,130.36,22346219,11689
2026-09-08,TikTok,TT-Spark-Ads-KOL,1630803,39350,64.199.409,881.49,110218002,46005
2026-09-08,TikTok,TT-Non-Branded-UGC,758342,19280,38.621.556,304.42,44634482,24288
2026-09-08,TikTok,TT-Live-Shopping,1194922,23270,41.291.643,492.56,61308579,79279
2026-09-08,Google Ads,GAD-Search-Brand,86925,2318,15.103.352,99.91,23257811,2923
2026-09-08,Google Ads,GAD-Search-NonBrand,97509,3303,20.144.527,136.3,36197509,4846
2026-09-08,Google Ads,GAD-PMax-Catalog,199943,6034,40.939.658,284.99,90556650,6194
2026-09-08,YouTube,YT-Instream-Skippable,36779,317,669.156,3.49,680313,1876
2026-09-08,YouTube,YT-Shorts-Bumper,128754,1028,2.748.369,16.61,3291405,3899
2026-09-08,Email,EM-Newsletter-Mingguan,71522,3011,3.866.754,165.54,35079794,3230
2026-09-08,Email,EM-Abandoned-Cart,68996,2927,3.236.603,186.38,42953903,1620
2026-09-08,Email,EM-Winback-90d,37627,1483,1.765.902,57.25,13285476,1087
2026-09-08,Marketplace,MP-Flash-Sale,215165,4842,5.974.695,377.84,69654387,10577
2026-09-08,Marketplace,MP-Sponsored-Product,327283,5799,7.099.317,445.52,82635142,20216
2026-09-08,Marketplace,MP-Affiliate-KOL,332279,5991,6.768.240,307.39,52775764,14165
2026-09-09,Instagram,IG-Prospecting-Video,634952,10606,32.558.788,280.61,44372815,23894
2026-09-09,Instagram,IG-Retargeting-Carousel,600756,12334,44.232.217,391.67,76699127,15402
2026-09-09,Instagram,IG-Brand-Awareness,555697,8310,29.432.557,278.32,55649299,15049
2026-09-09,TikTok,TT-Spark-Ads-KOL,818776,21545,37.145.510,526.15,77127987,24311
2026-09-09,TikTok,TT-Non-Branded-UGC,1508303,42939,81.435.883,1005.46,154584060,64048
2026-09-09,TikTok,TT-Live-Shopping,1454596,31633,63.567.187,675.25,87961339,59442
2026-09-09,Google Ads,GAD-Search-Brand,295861,7488,46.384.326,325.84,92941685,12329
2026-09-09,Google Ads,GAD-Search-NonBrand,213272,7385,54.759.922,281.81,77385161,11576
2026-09-09,Google Ads,GAD-PMax-Catalog,162006,5960,40.647.405,273.61,70120272,5575
2026-09-09,YouTube,YT-Instream-Skippable,120239,933,2.300.563,11.82,2156771,4243
2026-09-09,YouTube,YT-Shorts-Bumper,100975,768,1.759.584,9.55,1902823,6356
2026-09-09,Email,EM-Newsletter-Mingguan,73631,2920,3.262.539,118.72,34150639,2197
2026-09-09,Email,EM-Abandoned-Cart,52132,2128,2.442.689,109.66,29847785,2703
2026-09-09,Email,EM-Winback-90d,58123,2244,2.532.718,102.27,23532949,2801
2026-09-09,Marketplace,MP-Flash-Sale,425200,9208,10.053.915,663.49,92298975,20288
2026-09-09,Marketplace,MP-Sponsored-Product,233015,5024,6.111.455,352.25,53593983,14865
2026-09-09,Marketplace,MP-Affiliate-KOL,294640,6044,8.198.546,356.74,60790964,12793
2026-09-10,Instagram,IG-Prospecting-Video,366676,6540,21.297.854,130.12,28528063,15051
2026-09-10,Instagram,IG-Retargeting-Carousel,577347,9837,31.592.571,225.95,37392098,27230
2026-09-10,Instagram,IG-Brand-Awareness,418190,8527,26.490.898,214.15,33757285,25248
2026-09-10,TikTok,TT-Spark-Ads-KOL,1342347,26473,52.368.160,392.38,55805529,49229
2026-09-10,TikTok,TT-Non-Branded-UGC,406099,9674,15.119.363,171.35,25087270,21816
2026-09-10,TikTok,TT-Live-Shopping,1007745,21333,41.168.214,336.12,45404696,31419
2026-09-10,Google Ads,GAD-Search-Brand,269084,7677,57.225.150,296.97,67829044,11906
2026-09-10,Google Ads,GAD-Search-NonBrand,208301,5166,29.761.167,234.78,55616090,6294
2026-09-10,Google Ads,GAD-PMax-Catalog,210468,6378,36.752.771,209.1,55568522,14551
2026-09-10,YouTube,YT-Instream-Skippable,167010,1616,4.089.984,27.2,6572293,8494
2026-09-10,YouTube,YT-Shorts-Bumper,100638,836,2.099.987,14.04,2682214,5745
2026-09-10,Email,EM-Newsletter-Mingguan,58196,2452,3.347.917,139.71,34286661,3107
2026-09-10,Email,EM-Abandoned-Cart,50945,1975,2.317.029,98.66,20358322,2183
2026-09-10,Email,EM-Winback-90d,49402,2093,2.808.131,117.94,30201130,1093
2026-09-10,Marketplace,MP-Flash-Sale,662850,13741,15.385.774,1009.31,186733340,25114
2026-09-10,Marketplace,MP-Sponsored-Product,544146,10736,12.460.609,782.22,105721549,28729
2026-09-10,Marketplace,MP-Affiliate-KOL,324544,6377,8.310.960,466.65,68528242,18866
2026-09-11,Instagram,IG-Prospecting-Video,300194,6478,19.961.876,186.08,34945974,15895
2026-09-11,Instagram,IG-Retargeting-Carousel,530995,10906,31.018.066,294.6,52507617,35980
2026-09-11,Instagram,IG-Brand-Awareness,350835,6241,22.079.020,125.7,21062187,8710
2026-09-11,TikTok,TT-Spark-Ads-KOL,527255,12535,25.820.524,278.16,41600145,29860
2026-09-11,TikTok,TT-Non-Branded-UGC,701086,14632,28.358.741,344.97,45400012,16278
2026-09-11,TikTok,TT-Live-Shopping,916713,25053,48.658.438,376.09,52735735,56867
2026-09-11,Google Ads,GAD-Search-Brand,282947,9469,70.572.278,380.86,107257305,8485
2026-09-11,Google Ads,GAD-Search-NonBrand,129789,3679,21.490.408,132.99,40448410,7844
2026-09-11,Google Ads,GAD-PMax-Catalog,121032,3946,23.366.469,185.24,56271438,7826
2026-09-11,YouTube,YT-Instream-Skippable,83348,807,1.752.990,8.92,2069834,5463
2026-09-11,YouTube,YT-Shorts-Bumper,124568,1341,3.192.423,19.97,4080672,6343
2026-09-11,Email,EM-Newsletter-Mingguan,51848,1972,2.278.537,99.08,20802186,1240
2026-09-11,Email,EM-Abandoned-Cart,70165,2734,3.381.092,122.27,28342408,2189
2026-09-11,Email,EM-Winback-90d,100234,4152,4.336.867,240.73,66732359,6857
2026-09-11,Marketplace,MP-Flash-Sale,173446,4157,4.988.407,335.88,51526562,3960
2026-09-11,Marketplace,MP-Sponsored-Product,405430,8415,9.380.406,675.67,90118905,14961
2026-09-11,Marketplace,MP-Affiliate-KOL,243854,5663,6.891.858,299.6,51400298,16145
2026-09-12,Instagram,IG-Prospecting-Video,742516,12284,44.591.361,252.34,54456850,40953
2026-09-12,Instagram,IG-Retargeting-Carousel,603646,13316,43.866.890,440.55,86747032,14505
2026-09-12,Instagram,IG-Brand-Awareness,667898,11222,30.907.006,225.52,42876174,35076
2026-09-12,TikTok,TT-Spark-Ads-KOL,1022012,27961,43.103.499,682.29,78297836,59972
2026-09-12,TikTok,TT-Non-Branded-UGC,1713909,47062,90.757.917,1006.01,138552919,38746
2026-09-12,TikTok,TT-Live-Shopping,1735832,40489,64.960.061,757.56,100326525,112581
2026-09-12,Google Ads,GAD-Search-Brand,388384,10565,59.562.118,439.31,109636607,19198
2026-09-12,Google Ads,GAD-Search-NonBrand,176858,6334,42.013.078,315.59,101224710,3669
2026-09-12,Google Ads,GAD-PMax-Catalog,358748,9238,54.291.784,318.03,73751373,13447
2026-09-12,YouTube,YT-Instream-Skippable,147316,1283,3.060.229,19.46,3649383,3512
2026-09-12,YouTube,YT-Shorts-Bumper,92873,881,2.022.537,14.23,3497178,2880
2026-09-12,Email,EM-Newsletter-Mingguan,104974,5370,6.741.089,249.49,61937453,3504
2026-09-12,Email,EM-Abandoned-Cart,89279,3374,4.298.633,214.28,54907407,3035
2026-09-12,Email,EM-Winback-90d,38044,2083,2.681.228,93.15,20652317,1469
2026-09-12,Marketplace,MP-Flash-Sale,595417,14894,18.676.624,1081.03,169037537,15309
2026-09-12,Marketplace,MP-Sponsored-Product,402990,7711,10.161.682,474.42,64678852,13683
2026-09-12,Marketplace,MP-Affiliate-KOL,552912,13296,13.774.551,818.24,116935346,16157
2026-09-13,Instagram,IG-Prospecting-Video,414643,7073,21.600.249,192.7,30626149,20913
2026-09-13,Instagram,IG-Retargeting-Carousel,943473,20299,66.729.119,631.02,130168676,34953
2026-09-13,Instagram,IG-Brand-Awareness,755596,13573,46.502.508,406.22,65381180,19238
2026-09-13,TikTok,TT-Spark-Ads-KOL,1129881,29048,59.155.538,674.53,90126106,54946
2026-09-13,TikTok,TT-Non-Branded-UGC,1340931,27838,53.801.595,507.62,78639905,35660
2026-09-13,TikTok,TT-Live-Shopping,505112,14309,23.824.721,216.7,29748102,18627
2026-09-13,Google Ads,GAD-Search-Brand,226721,6640,46.813.510,310.25,94255634,11427
2026-09-13,Google Ads,GAD-Search-NonBrand,132694,3819,22.431.160,143.63,38953632,5573
2026-09-13,Google Ads,GAD-PMax-Catalog,281535,8659,51.516.282,441.62,103027245,18846
2026-09-13,YouTube,YT-Instream-Skippable,100040,880,1.908.431,9.67,2270614,3382
2026-09-13,YouTube,YT-Shorts-Bumper,173201,1731,4.301.873,20.14,3667601,4455
2026-09-13,Email,EM-Newsletter-Mingguan,30525,1607,1.663.048,87.59,23145813,703
2026-09-13,Email,EM-Abandoned-Cart,82925,3444,4.576.617,197.29,46103544,4637
2026-09-13,Email,EM-Winback-90d,75974,2904,3.496.509,147.24,32967272,2757
2026-09-13,Marketplace,MP-Flash-Sale,455245,9239,12.336.655,652.21,90990996,16538
2026-09-13,Marketplace,MP-Sponsored-Product,631895,12782,15.203.735,906.89,167378168,32287
2026-09-13,Marketplace,MP-Affiliate-KOL,229264,5643,5.807.990,452.01,74487275,13848
2026-09-14,Instagram,IG-Prospecting-Video,476239,8839,26.962.291,245.87,42083118,29306
2026-09-14,Instagram,IG-Retargeting-Carousel,182269,3212,8.977.390,108.45,17596942,12171
2026-09-14,Instagram,IG-Brand-Awareness,274860,5236,16.344.438,143.16,29306899,17146
2026-09-14,TikTok,TT-Spark-Ads-KOL,842053,19986,35.337.505,394.33,49147222,52039
2026-09-14,TikTok,TT-Non-Branded-UGC,644388,13876,23.942.381,309.04,41182744,36994
2026-09-14,TikTok,TT-Live-Shopping,441539,11584,19.986.740,271.62,34892691,19994
2026-09-14,Google Ads,GAD-Search-Brand,320548,10355,65.670.324,433.59,121926038,19662
2026-09-14,Google Ads,GAD-Search-NonBrand,103207,3553,23.683.133,145.38,35002084,3407
2026-09-14,Google Ads,GAD-PMax-Catalog,133579,3448,25.659.367,142.14,40058171,6897
2026-09-14,YouTube,YT-Instream-Skippable,164016,1793,3.813.118,19.04,3766822,7828
2026-09-14,YouTube,YT-Shorts-Bumper,179398,1450,3.407.451,15.6,3576060,12468
2026-09-14,Email,EM-Newsletter-Mingguan,32985,1771,2.032.797,112.69,26796138,1578
2026-09-14,Email,EM-Abandoned-Cart,61111,3258,4.016.875,206.72,52877146,4260
2026-09-14,Email,EM-Winback-90d,24835,1076,1.256.052,54.71,13228238,1533
2026-09-14,Marketplace,MP-Flash-Sale,278233,4989,6.464.348,271.68,49300074,18595
2026-09-14,Marketplace,MP-Sponsored-Product,203309,4429,5.553.339,270.27,41170718,8525
2026-09-14,Marketplace,MP-Affiliate-KOL,402420,9954,11.218.937,511.76,76894553,19399
2026-09-15,Instagram,IG-Prospecting-Video,668405,14067,42.622.369,360.15,64062109,19331
2026-09-15,Instagram,IG-Retargeting-Carousel,257076,5202,15.202.273,175.03,33407456,12534
2026-09-15,Instagram,IG-Brand-Awareness,422112,7137,21.288.437,151.27,28085777,27128
2026-09-15,TikTok,TT-Spark-Ads-KOL,821247,23564,47.816.260,521.32,74542604,22215
2026-09-15,TikTok,TT-Non-Branded-UGC,684456,18102,36.517.654,263.12,41190424,32164
2026-09-15,TikTok,TT-Live-Shopping,1121186,30487,49.989.975,442.66,68926768,54443
2026-09-15,Google Ads,GAD-Search-Brand,260046,9129,52.388.447,349.76,102847042,16185
2026-09-15,Google Ads,GAD-Search-NonBrand,179716,5043,37.629.723,259.57,76944439,4641
2026-09-15,Google Ads,GAD-PMax-Catalog,136530,4729,29.144.344,228.42,62898583,4615
2026-09-15,YouTube,YT-Instream-Skippable,124719,1316,2.983.235,20.98,5171483,5197
2026-09-15,YouTube,YT-Shorts-Bumper,183154,1613,4.058.231,27.39,6654962,3989
2026-09-15,Email,EM-Newsletter-Mingguan,53747,2113,2.873.047,103.13,26872278,1788
2026-09-15,Email,EM-Abandoned-Cart,33988,1710,1.865.933,78.94,21911857,2296
2026-09-15,Email,EM-Winback-90d,88652,3268,3.989.060,131.15,29052370,2563
2026-09-15,Marketplace,MP-Flash-Sale,318297,6364,7.952.512,436.28,68941433,16821
2026-09-15,Marketplace,MP-Sponsored-Product,211644,3968,4.740.125,231.26,40464083,8383
2026-09-15,Marketplace,MP-Affiliate-KOL,315063,5549,7.419.063,288.28,49787131,10827
2026-09-16,Instagram,IG-Prospecting-Video,650272,12812,40.563.361,271.04,48218621,16697
2026-09-16,Instagram,IG-Retargeting-Carousel,581659,11939,41.696.308,315.39,59584802,23615
2026-09-16,Instagram,IG-Brand-Awareness,262219,4866,16.890.937,156.79,25272497,15363
2026-09-16,TikTok,TT-Spark-Ads-KOL,643976,14784,25.802.154,278.95,43056103,21519
2026-09-16,TikTok,TT-Non-Branded-UGC,1216627,32919,57.651.525,575.23,79755486,34463
2026-09-16,TikTok,TT-Live-Shopping,645626,18271,31.207.383,377.46,52900831,13556
2026-09-16,Google Ads,GAD-Search-Brand,284530,7375,53.864.099,352.36,105612973,13556
2026-09-16,Google Ads,GAD-Search-NonBrand,240845,7054,41.134.890,254.55,70776972,15170
2026-09-16,Google Ads,GAD-PMax-Catalog,143523,5180,30.797.716,202.84,60159296,9616
2026-09-16,YouTube,YT-Instream-Skippable,35175,393,914.381,4.44,950146,980
2026-09-16,YouTube,YT-Shorts-Bumper,71383,752,1.681.661,9.33,1749885,4226
2026-09-16,Email,EM-Newsletter-Mingguan,58000,2925,3.072.579,134.02,28171673,3254
2026-09-16,Email,EM-Abandoned-Cart,72326,2681,3.318.688,165.0,35764236,4108
2026-09-16,Email,EM-Winback-90d,68328,3276,3.723.248,153.99,38041880,1447
2026-09-16,Marketplace,MP-Flash-Sale,248129,4719,5.614.658,335.51,49505041,6117
2026-09-16,Marketplace,MP-Sponsored-Product,643805,13430,16.276.361,1073.71,155710466,13430
2026-09-16,Marketplace,MP-Affiliate-KOL,376215,7498,7.940.667,504.19,72555055,25868
2026-09-17,Instagram,IG-Prospecting-Video,340264,5967,19.912.846,164.41,29392800,20581
2026-09-17,Instagram,IG-Retargeting-Carousel,599472,9623,30.699.553,306.66,53185252,16226
2026-09-17,Instagram,IG-Brand-Awareness,494972,9974,29.354.520,275.31,56972374,16137
2026-09-17,TikTok,TT-Spark-Ads-KOL,719481,14854,27.261.677,261.57,34261060,14590
2026-09-17,TikTok,TT-Non-Branded-UGC,1375374,36900,62.694.187,736.21,104779049,49640
2026-09-17,TikTok,TT-Live-Shopping,1290544,35416,55.744.635,872.11,102082619,70932
2026-09-17,Google Ads,GAD-Search-Brand,183418,4917,28.762.467,239.88,64491898,12582
2026-09-17,Google Ads,GAD-Search-NonBrand,78527,2114,13.686.332,105.8,31533455,3719
2026-09-17,Google Ads,GAD-PMax-Catalog,161299,4871,35.671.248,186.55,54337360,7440
2026-09-17,YouTube,YT-Instream-Skippable,116839,1177,2.843.710,13.64,2639189,5924
2026-09-17,YouTube,YT-Shorts-Bumper,137162,1173,3.184.640,16.5,4070225,7682
2026-09-17,Email,EM-Newsletter-Mingguan,70511,3275,3.352.225,201.47,48145183,1940
2026-09-17,Email,EM-Abandoned-Cart,28720,1222,1.551.385,53.16,13246204,1050
2026-09-17,Email,EM-Winback-90d,23811,945,1.153.892,45.43,10129525,1225
2026-09-17,Marketplace,MP-Flash-Sale,565680,13403,16.491.671,1052.93,156188433,28977
2026-09-17,Marketplace,MP-Sponsored-Product,316029,6745,7.068.535,480.34,67257254,17866
2026-09-17,Marketplace,MP-Affiliate-KOL,259229,4578,5.637.331,348.15,60336932,9464
